0.6739488089926121,-1.1627224105901344,-0.8048182851920747,0.060425447493885745,-0.258271779534751,-0.4952869216080354,0.6356875023167947,-1.0677632503858943,-0.7742157588891754,0.6739206406848353,0.8065632398384525,0.7496921234637667,0.9352329411298357,0.8006030073493834,0.7988077745794019,0.870127073295397,0.5693179366904474,0.43951854945175056,0.8694859608047483,0.5957737869015574,0.4839215316365961
-0.7170549101077309,1.5622454295788284,1.5968731199466577,-0.5163538110978361,1.5900444826137143,1.6500207812421588,-0.2357565083623434,1.5858193107283025,1.6245145053041283,0.12087076509124467,-1.2171516916285376,-1.1492698428993369,-0.7574710503177176,-1.2516357783527665,-1.2384985614054793,0.025431111504219922,-1.2268660375164204,-1.2014214497124034,-0.32109377659965466,-1.2231003923540986,-1.2094155681546275
1.220089645817429,-1.059239264198142,-0.7923113525429953,1.2774342101364102,-1.175283630772164,-0.8100600961189441,1.2488922171690024,-1.086821947108598,-0.7740768426388147,0.9119262209609126,0.9988255644690619,1.0632992244176944,-0.16954843208831064,1.3430168445450785,1.713422734834628,0.870127073295397,1.2812392730241529,1.5819412528142585,0.8694859608047483,1.3495067203584488,1.694444493880162
1.220089645817429,-1.1777349297222903,-0.8047226206304391,0.3394820954005443,-0.5958796275374509,-0.653048845955272,1.2488922171690024,-1.086821947108598,-0.7740311663717123,0.9119262209609126,1.406791649046044,1.7934177522542303,0.9352329411298357,0.8133420890361149,0.8018309516517479,0.870127073295397,1.0815031767029324,1.2272298989272086,0.8694859608047483,0.9265766836977045,0.9672213556239936
-0.2852700058857133,-0.06465699252300924,-0.33466861220893174,-0.7182009729941071,0.11268805425947309,-0.19024799659853706,-0.19360291895837373,-0.00781804153494495,-0.29858738151586767,-1.7304012322586415,-0.8959421610729854,-1.0341762542377932,-1.6081882079772718,-1.0441004661565283,-1.1366286532710452,-1.8131612301589082,-0.9895649577359911,-1.1068044211395178,-1.5584310794397682,-1.0167935168765363,-1.1236440205653426
-0.13225904973759134,-0.9885772060812559,-0.7789509622266205,0.23054508051477876,-0.25059168690437134,-0.4796578820457891,-0.19508196501470484,-0.8757102449191186,-0.7430270071386204,-0.5527236445603266,0.7712210016245065,0.6802526580154912,0.9352329411298357,0.6887026089710232,0.6346626554577608,0.870127073295397,0.6710209061032939,0.5855845241647778,0.8694859608047483,0.5957737869015574,0.4839215316365961
-1.5013511625645324,0.017092683118342483,-0.32597027625747854,-1.6075187663655122,-0.15241811090459742,-0.45658003165069233,-1.4452044935891164,-0.08721529786607089,-0.4124479069741956,-0.4181727965657043,1.0222288428332484,1.083699987885214,0.6263102967116592,0.5960620202982435,0.48011458246892696,-0.720608552161585,0.8041877118642795,0.7379831037993015,0.271009350739523,0.7135919413476394,0.6385508963216204
0.5771810104575295,-0.005522339222451601,-0.307317327447931,0.4925807109611452,-0.17433660229244208,-0.43253715945170873,0.1714924398399804,-0.08895681177085132,-0.3791492376655041,0.20253993935264036,-0.16977282935852028,-0.4903629873286146,0.9352329411298357,0.152276527017931,-0.08791751292846696,-0.6270357408480381,0.03228216410851013,-0.2515098738078465,0.8694859608047483,0.16724239742015742,-0.07377156203391928
1.220089645817429,-1.059239264198142,-0.7923113525429953,1.2774342101364102,-1.175283630772164,-0.8100600961189441,1.2488922171690024,-1.086821947108598,-0.7740768426388147,0.9119262209609126,0.9988255644690619,1.0632992244176944,0.9352329411298357,1.2482564873915936,1.5174258581285056,0.870127073295397,1.2812392730241529,1.5819412528142585,0.8694859608047483,1.3495067203584488,1.694444493880162
-1.0561558092266021,-0.12048213598293403,-0.36978311606745057,-1.182128362107087,-0.33872574748904133,-0.5300361650322429,-0.908832155218205,-0.23872359437868843,-0.46634155061586546,0.9119262209609126,1.1024461035613442,1.2365761499670396,0.9352329411298357,0.7012894141209777,0.6378234044005124,0.870127073295397,0.8806829173333197,0.89572227592277,0.8694859608047483,0.8121139520953153,0.7997219151452151
-0.9317588774187459,0.05878473657434891,-0.26142934407152707,-0.848885758422398,0.07677311428653999,-0.25988604673310844,-0.9281189547396127,0.09649423234158627,-0.24990184491502024,-0.5091084287334885,-1.2801869282599372,-1.1423016090240852,-0.0022004505304069233,-1.255561264242941,-1.2096632745728515,-0.7324711000684911,-1.3127367800792158,-1.2031529104544672,-0.7794427610545196,-1.3006862766894471,-1.2163725766655362
-1.9800707432896687,0.013323512728210663,-0.34646929209749133,-2.1719544813628215,-0.08118278400022004,-0.40455491459355547,-2.0935410032991397,-0.04367842544749526,-0.3813495269503572,0.5572330801567733,1.0968169723219283,1.2368921224459928,-0.09450920693074305,0.6128372693911146,0.5154970841067885,0.02797285491012982,0.8598206052318114,0.8607412328460368,-0.3274676431318435,0.7673310436044025,0.7281835403284939
0.04999606545378493,-0.5916286344723709,-0.6583551658471801,0.15247776902295782,-0.7369126790896277,-0.7198123719218755,-0.056662688773410665,-0.6113992807937447,-0.6675682671887376,-0.32949959819430447,0.4100437890835186,0.18825586641682235,-0.8153287105731525,0.22700335951004458,0.015824473441141292,-0.3463176680529536,0.26733083157468046,0.03923147082600129,-0.2277214135189227,0.255315256819454,0.04247217631139769
0.08857054173187864,-0.378670407568445,-0.5503447048150578,0.06091154084349762,-0.534166148420536,-0.6343833225347144,0.006713692850887401,-0.4250614375862166,-0.5783626903864861,-1.0388858798025766,0.01599362028798981,-0.29611228314128085,-0.7123544957670954,-0.11307950957853286,-0.3858156346279566,-1.0948994362702165,-0.09706413426273003,-0.39521006288483634,-0.1279751839060076,-0.07756986583267214,-0.3411077604502923
0.4485993356899244,-0.3862087483487119,-0.5683052852496815,0.4271764535613419,-0.5451253941144584,-0.6490264076893474,0.8686334115368337,-0.46685684486005985,-0.612379479982406,-1.2339670551470732,0.3016799414772913,0.07365834962745113,-0.918302925379209,0.02417361279894733,-0.22694715025950626,-0.4024613548410792,0.12407626403892787,-0.13651445809699567,-0.487061533751292,0.0955901317670285,-0.14236210000075544
-1.206654065100135,0.3102223729228674,0.01647238089733044,-0.9545261782736181,0.45906170885553704,0.17183985926320494,-1.1562415807917652,0.4052131181343378,0.11185443590362121,-2.4457242318360497,-1.0918196687189439,-1.1398848856691506,-2.5429603910127265,-1.3474417539546706,-1.3227092500203685,-2.3094266779576267,-1.2296135607290113,-1.2415869510832382,-2.8147706251405826,-1.3069033776383034,-1.2936174133543439
-0.04001113303572638,-0.15628925468919105,-0.4452076471296693,0.12631579824330144,-0.3204603209699934,-0.5482464819844083,0.10811605821567799,-0.1882208613811803,-0.47044923353402024,-1.2871710436336188,-0.0571871333227305,-0.33080542784938805,0.1114392226813698,0.05467437292613082,-0.20044739565000852,-0.3463176680529536,-0.005270034332311945,-0.2757479913383207,0.8694859608047483,0.059763804974296945,-0.19812312205699728
1.220089645817429,-0.9407435986739939,-0.771688739055135,1.2774342101364102,-1.175283630772164,-0.8100600961189441,1.2488922171690024,-0.9663717048900402,-0.760465756705406,0.9119262209609126,0.9988255644690619,1.0632992244176944,0.23219010898760042,1.2653444419725275,1.5612318151194402,0.22066964829215685,1.2598844591093126,1.5417643692633627,0.8694859608047483,1.2411834050774126,1.5031365606081024
1.220089645817429,-0.9407435986739939,-0.771688739055135,0.00663787033640579,-0.33510226229956397,-0.5266714909470354,0.6814574589274819,-0.7472192006232298,-0.7094416443025959,-0.061017864268002805,1.3197336965318465,1.6227517229125497,0.9352329411298357,0.912711745633005,0.9695107626533261,0.870127073295397,0.973728707847985,1.0574153566385245,0.8694859608047483,0.9162134592343044,0.9656522298419521
1.220089645817429,-1.059239264198142,-0.7923113525429953,1.2774342101364102,-1.175283630772164,-0.8100600961189441,0.6814574589274819,-0.9814279913027941,-0.7603924746084426,0.9119262209609126,0.8970395860170214,0.8964425268785012,0.9352329411298357,1.0245600573674232,1.1459580489132808,0.870127073295397,0.973728707847985,1.0574153566385245,0.8694859608047483,1.0245367745153404,1.1387404285889975
-1.894184083432277,0.19891291305088374,-0.027997216526108558,-1.6284530298345947,0.534321301408284,0.3172401167316831,-1.7116162071467984,0.30006470582071254,0.05131959142604193,0.9119262209609126,-0.003482741964387213,-0.3150783104318778,0.9352329411298357,0.8006030078155515,0.7988077739974077,0.870127073295397,0.4676147830719837,0.29918051575639243,0.8694859608047483,0.5957737884373959,0.483921530928091
-1.5552972407371075,0.10378360209138737,-0.2027285397636902,-1.563680157459233,-0.08300936752214874,-0.3507762335469787,-1.4876823186901902,0.005082891165328676,-0.29801722656020563,-0.5068463422556319,1.1052608553172636,1.2173239045925368,0.9352329411298357,0.7012894141209777,0.6378234044005124,0.12154566622367603,0.8667746481688011,0.8603852746811647,-0.02822933809923448,0.7927080250825872,0.763816270062132
-0.5191254826176434,1.5395309460772701,1.6406754903183267,-0.561297177986482,1.5772879263810762,1.7331471658979238,-0.6847453066504684,1.5579387073666973,1.6731980714081633,0.008246830473043662,-1.5531423958616224,-1.2211416839098697,-0.9759434035663661,-1.7972479762917428,-1.4209501736406018,-0.07097849841071208,-1.6698694798949179,-1.3294182223569158,-0.42682239326334065,-1.7761152182145867,-1.3900770510569227
0.12714501800997674,-0.4597076208870158,-0.5983644657060837,0.03474957006384124,-0.5962686598903304,-0.6670415480144312,0.9953864327286157,-0.47382275419904063,-0.6122783558883821,-0.648723529113583,0.19613084562698066,-0.10740443882239144,0.5233360819056028,0.04857410162275585,-0.21475752096736536,-0.43989047936649983,0.09347829182563226,-0.2019370748264428,-0.2277214135189227,0.08215525921975336,-0.1846691529145593
-2.3759915182932394,0.14365737843322834,-0.06735181951379142,-2.5644666654458095,0.38793652545610663,0.21725834985984732,-2.414420321382131,0.26290867091494796,0.06536080758529905,-0.9817318377137993,0.7557743009174033,0.6485150854743873,0.9352329411298357,0.8057691340738053,0.8006724178507771,0.870127073295397,0.7694327102938189,0.7361002403265041,0.2989842135992548,0.7083422470549043,0.6557584215971053
0.8241499758585247,-0.9042815879597528,-0.7657643283450908,-0.22048960037432844,-0.9898543548505384,-0.7854077805335797,-0.1434732083900024,-0.9114550051825591,-0.7505463344197387,-0.24641718614446056,0.66774844007606,0.5661735404935153,0.9352329411298357,0.5932401030998004,0.48030804773752395,0.870127073295397,0.7784973437531985,0.7382591850217382,0.8694859608047483,0.7090420769831562,0.6396482858005104
0.5699219484566722,-1.150712397294886,-0.801090129695203,1.081142432337458,-0.28592045173261155,-0.5039858095850414,0.36224142085770145,-1.0516366628649796,-0.7704438656004405,0.9119262209609126,0.810804353892784,0.749479234120467,0.9352329411298357,0.6887026089710232,0.6346626554577608,0.04472061574089857,0.6413575307992324,0.5367401222016119,0.8694859608047483,0.5957737869015574,0.4839215316365961
-0.3716739560839615,-1.071146056281922,-0.793445819298202,0.4530090075850599,-0.2613438755558309,-0.4877822749946313,-0.4104116408995979,-0.9680716160586171,-0.7614642512289568,0.2711419448562565,0.800908422140293,0.7499762303503839,0.9352329411298357,0.6887026089710232,0.6346626554577608,0.870127073295397,0.6710209061032939,0.5855845241647778,0.8694859608047483,0.5957737869015574,0.4839215316365961
-0.4461946158834491,-0.8752678929242023,-0.7375287669356605,-1.180274914532448,-0.48071648560282265,-0.593465602553795,-0.38491111916328763,-0.7770760780081106,-0.6997953753755088,-0.15995571250778723,1.2069627026694287,1.4156887785228383,0.4543175094923921,0.9058574374595705,0.9517339772940809,0.870127073295397,0.7694327106560601,0.7361002407431533,0.8694859608047483,0.8051218604221991,0.798763848522083
1.220089645817429,-1.059239264198142,-0.7923113525429953,1.2774342101364102,-1.0502979761940354,-0.7962194739124179,1.2488922171690024,-0.9663717048900402,-0.760465756705406,0.9119262209609126,0.9988255644690619,1.0632992244176944,0.9352329411298357,1.0245600573674232,1.1459580489132808,0.870127073295397,0.8712253101518274,0.8940384086096508,0.08394492061957809,0.9282494496849815,0.9849037570351159
-0.36631955820176015,1.1432002429531725,1.0520015853649831,-0.22746898265940793,1.4037160006622234,1.475113990100254,-0.2837470952425449,1.2661940708031325,1.2442629363271238,0.6373042405815973,-0.1095096494637805,-0.4194968486777506,0.8366587183803726,0.5752480202505572,0.47678088230556787,-0.4138385230186564,0.42523856101338126,0.27015414177485464,0.38340851778929314,0.4806201487545435,0.335576240090477
-1.1356677427779323,-0.8549907770325156,-0.742308394618627,-0.4520647530949835,-0.2036001537498363,-0.44995440289185246,-1.1611475331074996,-0.7597718438251038,-0.7050367496748872,0.7332791145375308,1.3034432413433408,1.6010454124904212,-0.8922458662558458,0.8565833255395315,0.8762057382763012,0.870127073295397,0.8717938755246426,0.8935240891494478,0.8694859608047483,0.8051218604221991,0.798763848522083
1.220089645817429,-1.059239264198142,-0.7923113525429953,1.2774342101364102,-1.0502979761940354,-0.7962194739124179,1.2488922171690024,-0.9663717048900402,-0.760465756705406,0.9119262209609126,0.9988255644690619,1.0632992244176944,0.9352329411298357,1.0245600573674232,1.1459580489132808,0.870127073295397,0.8712253101518274,0.8940384086096508,0.7712933766608926,1.0230323749624801,1.1388193277188798
-0.38718194237878983,0.35066436315712324,0.006575066251806899,-0.925541655652706,0.14530887334002723,-0.18584392969542204,-0.9163455234438641,0.23321604484155362,-0.1080121563885839,0.9119262209609126,-1.4307333018955768,-1.202327878856618,0.9352329411298357,-1.6045644083434583,-1.372633379407367,0.870127073295397,-1.5226555820050687,-1.2999257678210259,0.8694859608047483,-1.5524146692726817,-1.3354842999492937
1.220089645817429,-1.059239264198142,-0.7923113525429953,1.2774342101364102,-1.175283630772164,-0.8100600961189441,1.2488922171690024,-1.086821947108598,-0.7740768426388147,0.2043303689907013,1.0893019075247836,1.2370844713674007,0.9352329411298357,0.912711745633005,0.9695107626533261,0.870127073295397,0.973728707847985,1.0574153566385245,0.8694859608047483,0.9162134592343044,0.9656522298419521
-1.2487219485037078,0.9915740197499169,0.9880269906327646,-1.3111787742585597,1.2716171370481844,1.4419493110182204,-1.143451468918618,1.1342491835706368,1.2149967713235037,0.3992986631802777,0.31035705314278517,0.0362652335241792,0.9352329411298357,0.688702609794147,0.6346626561650157,0.2281442751383703,0.7939120778333476,0.754412814197124,0.8694859608047483,0.7034498384406174,0.638661208077623
1.220089645817429,-1.059239264198142,-0.7923113525429953,1.2774342101364102,-1.175283630772164,-0.8100600961189441,1.2488922171690024,-1.086821947108598,-0.7740768426388147,0.9119262209609126,0.8970395860170214,0.8964425268785012,0.9352329411298357,1.0245600573674232,1.1459580489132808,0.870127073295397,0.973728707847985,1.0574153566385245,0.8694859608047483,1.0245367745153404,1.1387404285889975
0.5705148197288709,-1.1549404125042597,-0.8030205552666475,1.2118754215613459,-1.173117852892333,-0.8100016339253788,1.2488922171690024,-1.086821947108598,-0.7740081394932558,0.9119262209609126,1.4039484182906747,1.7929818028534896,0.9352329411298357,1.2452061518408224,1.516732732751995,0.870127073295397,1.1768509128934974,1.400454735478793,0.8694859608047483,1.2381986546003663,1.5026058801810487
-0.6914035397445538,0.9735590146694445,0.772042757546803,-0.3452440501882319,1.024315894935396,0.8585618843881885,-0.6130747619093332,1.0198969208002047,0.8450641067957049,-1.9258325038033262,-0.8870407063167729,-0.9992443664714402,-2.6215521117388523,-0.1210210355960662,-0.3188160540572713,-2.3764715413995,-0.5677787921299616,-0.7812268543719889,-2.533056910748608,-0.3777980682361741,-0.606795195957648
0.7057626852251344,-0.7518184759144416,-0.7208708750497911,0.7541985440195669,-0.8939956179173356,-0.766668907720637,0.4249984822235447,-0.7507172725331845,-0.7133982944167949,-0.5955195406270375,0.6338079914133485,0.4839943969204179,0.6263102967116592,0.36425648188752513,0.16823803052591702,0.21511811639167425,0.4564824490756464,0.25589506112716437,0.6699938853850536,0.38518510954460383,0.19300411592712005
1.220089645817429,-1.069644800012674,-0.7939340793554179,1.2774342101364102,-1.0646892436822135,-0.7986440266359602,1.2488922171690024,-0.9812660943777426,-0.7631461080071353,0.08806062571729179,0.5294795772211243,0.3507601672767054,-0.14908195140078428,0.4291558060857497,0.2931046188603364,0.228144275668128,0.356024022615474,0.16498393904343822,-0.1998847209130824,0.3101328121898927,0.11727019767999117
1.220089645817429,-1.059239264198142,-0.7923113525429953,1.2774342101364102,-1.175283630772164,-0.8100600961189441,1.1227956614465142,-1.0834761067742853,-0.7740851474146514,0.9119262209609126,0.8970395860170214,0.8964425268785012,0.9352329411298357,1.0245600573674232,1.1459580489132808,0.870127073295397,0.973728707847985,1.0574153566385245,0.8694859608047483,1.0245367745153404,1.1387404285889975
1.220089645817429,-1.069644800012674,-0.7939340793554179,0.6885591418424561,-1.1522431334617576,-0.8088536561674367,0.6155702593701278,-1.0516366628649796,-0.7717131071409646,-0.3696423254213619,0.621369439672678,0.4788430461436595,-0.7405265130317897,0.5503811545589228,0.4430917671471474,-0.23041486809092823,0.45066425711811575,0.2844876917518463,-0.4915313372060048,0.41033146586531427,0.24047919174605845
1.220089645817429,-0.9615546736538517,-0.7758472738415044,1.2774342101364102,-1.0646892436822135,-0.7986440266359602,1.2488922171690024,-0.8757102449191186,-0.744767824050342,-0.0034796871434331984,0.6750898377477781,0.5446403814345836,-0.14908195140078428,0.615656402232875,0.5293368136629544,-0.13870303812731352,0.9040904016642386,0.9495776479540223,0.18897731179937172,0.7946754224968474,0.7818406935215217
1.220089645817429,-0.9615546736538517,-0.7758472738415044,1.2774342101364102,-1.0646892436822135,-0.7986440266359602,1.1855599447911531,-0.7716204369724635,-0.7190250536263949,0.9119262209609126,0.6072325812366988,0.44532001806727634,0.9352329411298357,0.5768022105926635,0.47671162529052286,0.6867034194271843,0.8716019705273961,0.8950447162194595,0.772270550824415,0.7049453191191515,0.6385906229561814
0.9010711443894538,-1.051010394162095,-0.7899698326194586,1.2774342101364102,-1.175283630772164,-0.8100600961189441,1.2488922171690024,-1.086821947108598,-0.7740768426388147,0.9119262209609126,0.9988255644690619,1.0632992244176944,0.9352329411298357,1.3601047991260122,1.7124463747689727,0.870127073295397,1.2812392730241529,1.5819412528142585,0.8694859608047483,1.3495067203584488,1.694444493880162
-1.4201967420114483,-0.035260479457242866,-0.27990277902366933,-1.4055584491162674,0.012329054877505479,-0.24461435634812076,-1.143288705331953,0.0016219012816030259,-0.2589728344700972,-1.3335175759032283,-1.243464838067845,-1.141946165431255,-1.877066835531861,-1.3192415172875942,-1.2517507337802833,-1.3324750597437325,-1.3083227775611435,-1.2180507884471632,-0.7588312143305264,-1.3053686195391778,-1.2282033974950712
-1.886541891257374,0.11697569845685032,-0.08468429016578434,-1.8856712542019898,-0.053784644221649934,-0.24039159484009867,-1.842616778699823,0.031205014616471405,-0.17284008262735637,-3.508721582672013,-0.11770196937234628,-0.526988008121195,-1.7215017230249394,0.12940100662168494,-0.15962509480124415,-3.1727210900516285,-0.026132346433819936,-0.39488113730964963,-2.5500460872660597,0.0955901317670285,-0.224368727863831
-0.10430210118046397,-0.565244441741445,-0.6599473202715522,0.1917203234628409,-0.797188683668788,-0.743650880905736,0.41232315431004685,-0.6793168115187307,-0.6976277732804353,0.20253993935264036,1.1137047383125958,1.27711027438552,0.8322587263237727,0.6997644456934157,0.6378952951909828,0.870127073295397,0.8806829173333197,0.89572227592277,0.7697397311918267,0.8106211884789497,0.7997952715390702
-2.0500640652601443,0.6107372203391169,0.2502299460386101,-1.8864017345785284,0.4010252543192929,0.03833086213105963,-1.7842375308420366,0.4787640436651261,0.1117970046038118,-1.5354562095489694,-1.267483972044689,-1.1598278461116416,-2.817874074272026,-1.3666588705927336,-1.2762026224043688,-1.787337155011314,-1.327940639991194,-1.2350260547494525,-2.8809685500791375,-1.316558915067806,-1.2422564141312724
0.5771810104575295,-0.11859755078786635,-0.40514561947608874,0.7541985440195669,-0.28758243062563715,-0.5233280117423876,0.741880648288229,-0.1882208613811803,-0.4633647812898983,0.3798866834139678,-0.12192391087001217,-0.42475478621819795,0.1114392226813698,0.17362707898661503,-0.07349296457287495,0.40226373901876733,0.07261597972412699,-0.20184560003100996,0.7697397311918267,0.16873516103652014,-0.07382865806843421
1.220089645817429,1.776898407111236,2.0201503799184524,1.2774342101364102,1.7287949421007602,1.9224863572519713,1.2488922171690024,1.783556522600093,1.987456036180399,0.20876562474607516,-1.2524301363160497,-1.159379259002767,0.9352329411298357,-1.3056292230433726,-1.2558117392079933,-0.25613420707316686,-1.3122052850961357,-1.2317463922163248,-0.2218787314076344,-1.3271507284178885,-1.251136659846494
1.0255840582607478,-1.0518913849401916,-0.7917519299172945,0.21561841215208663,-0.263688997831006,-0.5065863805948609,0.9980048153531368,-0.9650942878899089,-0.7612493500545876,-0.3865838263940939,1.2286256076953068,1.4991168374367436,0.9352329411298357,1.0259607801880317,1.1465299774385254,0.6879453967021255,1.0807504033204696,1.2261683043528115,0.8694859608047483,1.1327600032438054,1.3182431566658865
0.28144318464422563,-0.18455803261518464,-0.44462053466043777,0.32252910608218366,-0.34420539587976673,-0.5478240304846774,-0.23411676367600145,-0.24917248276718537,-0.4857189576690743,-0.6841927389984374,-0.45405186773796585,-0.7339399997142173,-1.4949583726100903,-0.3662355005596523,-0.6477055036992291,-1.0013266249566704,-0.4545051488084176,-0.7395124290992041,-0.2277214135189227,-0.3835852433902511,-0.656029299961407
0.3245176663069237,1.7989949472219369,2.0433228099350607,0.8157976164952175,1.7400885546516207,1.9464474325647827,0.8085303270779453,1.7947190629661176,2.011670693876295,0.9119262209609126,-1.2354964869882024,-1.153065464527632,0.03909564720448113,-1.2084410119274727,-1.2150621877813348,-0.16227933920203377,-1.2297589117129688,-1.206454439062555,-0.42030843543975155,-1.215560489913888,-1.2095273804141302
-0.2714582522261627,-0.009291509612583421,-0.3174047108843292,-0.23994911447454284,-0.17433660229244208,-0.4410061558413346,0.057415004504873905,-0.06980054889863799,-0.36799051522015025,-1.0034166699177223,-0.1444410873044115,-0.4568412539568822,-0.30045763654286245,0.10042541371862335,-0.15855059095780397,-0.6831794276361638,-0.02195992067162568,-0.3243189276650858,-0.8860460683968225,0.07469144113793444,-0.1836776405482135
-0.15573482339188158,-0.2938640737904676,-0.5260059203839235,0.5579852361806846,-0.35881775753001444,-0.5646055077750657,-0.15806505413820174,-0.315348548347439,-0.5433668913095795,-1.8369453597822487,0.2791628581109954,0.05976314312526457,-0.506406066154976,0.28037964003347454,0.060825473534980336,-1.0574703117447959,0.2756758663896057,0.05366050798112246,-0.2277214135189227,0.30009797134419974,0.0869494328671522
1.220089645817429,-1.059239264198142,-0.7923113525429953,1.2774342101364102,-1.175283630772164,-0.8100600961189441,1.2488922171690024,-1.086821947108598,-0.7740768426388147,0.9119262209609126,1.1006113586731066,1.236452334752409,-0.2699830673572888,0.8847496160029807,0.9318653945883476,0.870127073295397,0.973728707847985,1.0574153566385245,0.8694859608047483,0.9162134592343044,0.9656522298419521
1.220089645817429,-1.059239264198142,-0.7923113525429953,1.2774342101364102,-1.175283630772164,-0.8100600961189441,1.2488922171690024,-1.086821947108598,-0.7740768426388147,0.9119262209609126,0.9988255644690619,1.0632992244176944,0.9352329411298357,1.2482564873915936,1.5174258581285056,0.870127073295397,1.2812392730241529,1.5819412528142585,-0.30882540951664456,1.3073809555422398,1.6310641975673457
0.21715221707953886,0.22062798315264065,-0.13521767889279993,0.1263157989213805,0.06311424774271088,-0.27405031799739454,0.42499848149057595,0.1339519930026845,-0.22138493584585983,0.9119262209609126,-1.3294061353045712,-1.1802990685512689,0.7292845087334595,-1.388009375053302,-1.298476406115746,0.5894089991628808,-1.4183440010938995,-1.2742339314698234,-0.5269597184497408,-1.4031388661214164,-1.2890035146284098
0.9642119392662598,1.7705849648952343,2.0205258744466583,1.1455380796802752,1.73202162928107,1.9222976263813214,1.2488922171690024,1.783556522600093,1.987456036180399,0.9119262209609126,-1.337098376709591,-1.1813955861896839,-0.16004593086122054,-1.473780251850566,-1.3291398409663633,-0.537699525650553,-1.403330191890905,-1.2662005555654865,0.7702709220519265,-1.4719164081411675,-1.3058461398778036
-0.1872377467954143,1.7484884247845334,1.9275185517435263,-0.5295433949371976,1.66909997960373,1.784849548661311,0.19202368614354784,1.7452847616342853,1.8940392555691017,0.4724508913010442,-1.3300426996389085,-1.1814519566803765,-1.0561836165757856,-1.376592040734666,-1.292051495334801,0.4008516614937509,-1.3425802396772357,-1.2445872088929708,0.3734111340749674,-1.357310237298151,-1.2664419998294654
0.41002485941183064,-0.24486485871874758,-0.48311364154232045,0.38793363130172315,-0.404481374915161,-0.5797129504722546,0.006713692850887401,-0.2822605155573122,-0.5120895226236984,-1.1452938567756676,-0.16977282935852028,-0.4896173997780397,-1.0212771401852654,-0.017002323914295098,-0.2814522257710845,-0.98261206269396,-0.11097240342724554,-0.419024989583824,-0.02822933809923448,-0.03427991492428875,-0.30329808272110687
-0.3228909753033698,-0.2957486575124022,-0.4964278788053723,-0.13530203406367936,-0.41909373627739693,-0.5759545472715668,-0.107363740485779,-0.31534854774632676,-0.5257226156122737,-0.15215320381890804,-1.4729529619284731,-1.2092845700341242,-0.1974834207256835,-1.6640408119588435,-1.3880368945609385,-0.06559995762064912,-1.5810700473886434,-1.3109797841228341,-0.22772141564239648,-1.6016756980128328,-1.3475545865046121
-0.4900471264054403,0.27151178489808014,-0.052469572096615895,-0.25302996454829607,0.06494083086239955,-0.25026329522864743,0.07009033350633931,0.1513667435319338,-0.18613423896067402,0.557233081309985,-1.4222893723872754,-1.1998423018925581,-0.6093802789886151,-1.5420379460032891,-1.3498313498185837,0.4958361906443833,-1.5143106390496128,-1.2970272678714412,0.1712631211775034,-1.5270377850474572,-1.324217748485254
1.220089645817429,-1.059239264198142,-0.7923113525429953,1.2774342101364102,-1.175283630772164,-0.8100600961189441,1.2488922171690024,-1.086821947108598,-0.7740768426388147,0.9119262209609126,0.9988255644690619,1.0632992244176944,0.9352329411298357,1.2482564873915936,1.5174258581285056,0.870127073295397,1.2812392730241529,1.5819412528142585,-0.11244024766813251,1.3013629603169012,1.6314088073655904
0.024279573587141542,-0.4860918136179417,-0.6045387881844821,0.06091154084349762,-0.6364526799722802,-0.6778492582408641,-0.284817817386806,-0.5417402849240265,-0.6343557242204478,-2.386719675930885,0.2946434343599128,0.005114301554733333,-0.7123544957670954,0.1492265901628065,-0.1015815621105139,-1.8434808433419314,0.1977898523331698,-0.08152302011336059,-1.1852843734294316,0.19261937889834213,-0.05834075818195192
0.5049052576975576,-1.1311961227581628,-0.8011462825681257,1.1465729335739614,-0.2874564483167607,-0.5039549384079292,0.38757427960904695,-1.036976126672728,-0.7704876770678777,-0.0034796871434331984,0.7910126777586451,0.7326739518729105,0.9352329411298357,0.6887026089710232,0.6346626554577608,0.870127073295397,0.5693179366904474,0.43951854945175056,0.8694859608047483,0.5957737869015574,0.4839215316365961
-1.1329557616839279,0.030284778725155677,-0.25261840434538035,-0.8993799532330516,-0.10675444082421656,-0.3741536645989786,-0.776917434348613,-0.029746606344323568,-0.3307652320685835,-0.24082639841255135,-1.2069691105914906,-1.1482104718780533,0.11143922460397108,-1.1775544392011963,-1.205504241305067,0.7765542647768988,-1.2208474637049895,-1.205599447149318,-0.7264521800356527,-1.1493700206149602,-1.1829222472332093
0.5128903038346619,-0.29009490340033595,-0.5092790993961007,0.5579852361806846,-0.44649192743151095,-0.6011316449291734,0.6785042666639314,-0.35366097657176604,-0.558102729166004,-0.648723529113583,-0.18103146410977164,-0.5116582078593975,-0.8153287105731525,-0.029202667724482236,-0.308657055894976,0.12154566622367603,-0.12070806353903317,-0.4308455562377506,0.07151689151368706,-0.0477147874715639,-0.32926846346836697
-0.42801963026160517,0.5645459074744971,0.24712553089945982,-0.4950048272132892,0.5818057281989496,0.288645081609879,-0.7831826153326414,0.6293386812815538,0.3211320048906458,-0.3211597848029071,-1.0414511632730958,-1.080010081538342,-1.6081882079772718,-1.077137573240272,-1.150202675353647,-1.170683665333292,-1.0778587107649358,-1.1345613975212043,-1.1044302347560746,-1.079797217454918,-1.1489736637970958
-0.7214942446737154,0.01520809792327834,-0.3040983200643989,-1.2787255840020197,-0.10492796108505065,-0.39695195693339547,-1.1266062315413516,-0.06283468831970533,-0.37406378277439634,0.9119262209609126,1.1024461035613442,1.2365761499670396,-0.197483421736806,0.6753637580730444,0.6209881621168107,0.870127073295397,0.8806829173333197,0.89572227592277,-0.2277214135189227,0.7658382799880369,0.7466909704674194
1.0921507903480403,1.8905381353703987,2.2335655953661053,1.1455380796802752,1.844957970780521,2.137048336146898,1.1859834882442029,1.8967769656819866,2.2043880453331224,-0.054919298013655395,-1.3046422272085614,-1.1686405702363427,0.8356619594672893,-1.307171884220018,-1.255789567935632,-0.16227933920203377,-1.3252231298025612,-1.2359897011291106,0.17498105013012544,-1.34826239472213,-1.2560902269061716
-0.9521735355812122,0.046593653068896956,-0.24352114206942993,-0.8751366432558295,0.050995471323740285,-0.23932627045282953,-1.25720209124904,0.09994410345933388,-0.20736790491975307,-0.7473408031532444,-1.0833564743651083,-1.075641763035456,-1.6190723995649323,-0.9865122825962876,-1.0841246649072815,-1.2870035863518678,-1.0773220373051806,-1.112003049006652,-1.4887245896559804,-1.0400371608240888,-1.1024685741589637
0.4485993356899244,-0.853586126378738,-0.7463488750896021,0.230962877902724,-0.8428523265976983,-0.7511725661296836,0.1714924398399804,-0.8517228360482956,-0.741162718811345,0.3798866834139678,0.9926750662133672,1.0639495963485714,-0.40343185134891957,0.7638159028029075,0.7099605431561438,0.870127073295397,0.8806829173333197,0.89572227592277,0.8694859608047483,0.8121139520953153,0.7997219151452151
-0.38718194237878983,0.16974408423417295,-0.15776078441099536,-0.42308156946839354,-0.0026413286261189307,-0.3046749102091426,-0.09468841362934578,0.10782987048104203,-0.2288257885017309,0.29121313625270134,-1.4152527602998946,-1.197351465658013,-0.9800872992804445,-1.5359378218832154,-1.3452693721464293,-0.3463176682121542,-1.490666689361043,-1.2883412921862085,-0.6267059460230971,-1.4941971078985892,-1.312341518262983
1.220089645817429,-1.069644800012674,-0.7939340793554179,0.9502814253711813,-1.1676034661448371,-0.810144846681428,0.8688990935549854,-1.069229304986789,-0.7729386617856893,-0.18656100628239788,0.6581255689012953,0.5454466279220164,-0.14908195140078428,0.5970065020432492,0.5301804965659926,0.41156792953634075,0.4718524587736248,0.315101665553045,-0.2971001308934149,0.44921450578099736,0.30424123324185376
0.7083342283274817,1.87475483307726,2.2100718139968345,0.5520050904800454,1.7465421347178038,1.9460685700850193,0.3681684413144569,1.8186389867859265,2.0599863810601495,0.9119262209609126,-1.337098376709591,-1.1813955861896839,0.9352329411298357,-1.4167014848066688,-1.3021935673777731,0.870127073295397,-1.3498123790420333,-1.2445081393166768,-0.1226636926548134,-1.4492968017011159,-1.2924866146938538
-0.6057708158394343,-0.48043805803274237,-0.5889639254002176,-0.5800523242324619,-0.6309730315815547,-0.665411217316609,-0.6524012951054773,-0.5330329104403134,-0.614061717466433,-2.280311872617055,0.20176016300260607,-0.13131785415293418,-1.5567427458106766,0.05619934135369325,-0.22737143766033546,-2.498489619672877,0.07678840548632125,-0.25040432809146473,-1.72391332248813,0.10156118623248148,-0.18322484497353447
0.3884872234760827,1.838453201279386,2.1633494645697486,0.5520050904800454,1.7917165883496742,2.0664574542717777,0.4939861588181636,1.8313961771780538,2.1089586249471695,0.9119262209609126,-1.337098376709591,-1.1813955861896839,-0.060475334458064633,-1.3920187525587076,-1.286525304120029,0.870127073295397,-1.3498123790420333,-1.2445081393166768,0.8694859608047483,-1.3648501397383614,-1.2663467820865735
-1.016840310138696,0.6688048531662018,0.41364092803440616,-1.3324463396508324,0.7969829287133358,0.5768680315059063,-1.008657327741723,0.7530753041160736,0.5091809134334819,-2.988780539242563,-0.6481265986384727,-0.9008725204266425,-3.3166556946646644,-0.09615417070811436,-0.38972427289366585,-3.652016308969919,-0.3276465616588125,-0.6476684647267631,-3.083622226813385,-0.24320281391615595,-0.5641699557637911
1.220089645817429,-1.0420447347709523,-0.789024918889654,0.3617719294867866,-0.9524450636905086,-0.7787163600717855,1.0587628163204512,-1.0815975219498233,-0.7741512081315349,0.11386674123837563,1.1404439485142366,1.296174971086597,0.9352329411298357,1.0306971060719294,1.147386267845201,0.870127073295397,0.9808220523525011,1.0586804815632689,0.8694859608047483,1.0270709435072933,1.139413757378062
-0.7600687209518091,-0.38243957795858,-0.5412339635776203,-0.7370228098117254,-0.535992680854936,-0.6269579576266736,-0.31016847321379737,-0.44421770045842995,-0.5840803853197611,-1.5709254173495157,0.07510117352775222,-0.247652355739258,-0.6093802809610325,-0.0017520432489864202,-0.2681783064545996,-1.7686225942910956,-0.03030477219601419,-0.3361526618062494,-0.9857919142035892,0.02244490853136978,-0.2510173318948534
1.220089645817429,-1.059239264198142,-0.7923113525429953,1.2774342101364102,-1.175283630772164,-0.8100600961189441,1.2488922171690024,-1.086821947108598,-0.7740768426388147,-0.5032651391842722,1.0497183678856625,1.1598574176379628,0.9352329411298357,0.912711745633005,0.9695107626533261,0.870127073295397,0.973728707847985,1.0574153566385245,0.8694859608047483,0.9162134592343044,0.9656522298419521
-0.014294902690952169,-0.4239005021807586,-0.5832987403795504,0.230962877902724,-0.5688705201117603,-0.6611666336074781,-0.46227189228939297,-0.4581494703763434,-0.6030759508314548,-1.6418641844377522,0.14828192713847255,-0.11447494692138947,-0.6093802809610325,0.0744997576706896,-0.17211611964558293,-1.1697573241755044,0.061489327734403555,-0.19940464438398653,-1.2850306030423533,0.0687203866724782,-0.18274082211784343
0.3884872234760827,1.825826521245823,2.0906801236201806,0.5520050904800454,1.7755829433141355,1.9935884733534526,0.5568948920705314,1.8298015271519505,2.0593107044980687,0.9119262209609126,-1.2354964869882024,-1.153065464527632,-0.16004593086122054,-1.2824891519720572,-1.2440725462046622,0.682416980071137,-1.2485624586859174,-1.2062145471822294,0.27419609532214567,-1.2653237217083697,-1.2206587887141254
0.5771810104575295,-0.525668152645056,-0.6274577781900932,0.6887940188000279,-0.6875959457481523,-0.7011078209180739,0.6151276270964471,-0.5678624083751725,-0.6533117457254113,-0.5955195406270375,0.32138245922387776,0.04324839807644352,0.9352329411298357,0.152276527017931,-0.08791751292846696,-0.8141813634751319,0.1797091574064597,-0.09764272774878112,-0.02822933809923448,0.18366279720015763,-0.059433251075359225
-1.3061599974864728,-0.10770017057317897,-0.44059398518260157,-1.6905289574819888,-0.2582149687683281,-0.5040600312887167,-1.152965445205991,-0.184934824168979,-0.47651513229042614,-0.3355207121702327,0.9571625111275314,0.9890727572100287,0.6317568680376261,0.5978046709612617,0.4801004677849343,0.870127073295397,0.8790457662654961,0.8955562435009378,0.47182095171227695,0.7149723985536749,0.6393659468337265
-0.0014366567576282836,-0.7160113572081844,-0.7037482877126323,-0.09605921255550154,-0.8629443366386734,-0.7538038548901769,-0.46227189228939297,-0.7576831818721653,-0.712200878830359,-1.6418641844377522,0.7928353231277899,0.7379798326280499,-0.2592677949373922,0.36578164911165,0.18483520513960314,-1.2446155732263402,0.5232419944328985,0.3634373302550214,-1.2251829420358262,0.44340269661662507,0.2723082905449499
0.8307131276693563,1.2963279833401358,1.258043473664004,1.1441928217404105,1.371459334033509,1.3914027016511632,1.2488922171690024,1.3409627311457044,1.3438834574462857,0.27935047572178545,-0.8928108382775674,-1.0157133033955952,-0.1830084026633478,-0.4592599645990916,-0.7309782801565776,-0.07097849841071208,-0.6916775120979883,-0.9178425853618591,-0.5265382986498942,-0.5881158742337419,-0.8305248993360904
-1.5163219821885325,0.8204312751295891,0.5703146468285164,-1.2458765561776617,1.0550364610623895,0.9012523180877032,-1.4437450510711163,0.9275356374291667,0.725853383176336,-0.0034796856664013574,0.02479116208085368,-0.29059543437301727,0.9352329411298357,0.688702609794147,0.6346626561650157,0.31985610344651616,0.4760901374580258,0.298811128498577,0.8694859608047483,0.48809754446800707,0.3352499242427363
-0.3228909744375803,-0.7518184759144416,-0.7292397762553183,-0.3576770456139233,-0.8848628791140475,-0.7695483001333486,-0.056662688773410665,-0.7542002272026749,-0.721048762445015,-1.9965573252418916,0.6971374861507738,0.6358452801382867,0.008465007875313377,0.3581564093807126,0.18442211538807435,-1.4317608347078847,0.4926438389290693,0.34874014725056207,-0.487061533751292,0.45982290243046103,0.3206385131579263
-0.8825435986908172,1.4134257143303264,1.397765192287063,-0.5479728769398516,1.498950101817079,1.5602097705195792,-0.45873575005503475,1.4494507192562007,1.484584298437196,0.9119262209609126,-1.1082281800300906,-1.1166230195917566,-0.28466670664454613,-0.8434643412962317,-1.0421226576103009,0.3995742874423428,-1.0071788111950184,-1.119572043668549,0.8694859608047483,-0.9651193758408705,-1.1044074169669789
1.220089645817429,-1.1777349297222903,-0.8047860262119882,1.2774342101364102,-1.175283630772164,-0.8101279750416744,1.2488922171690024,-1.086821947108598,-0.7741731025405592,0.9119262209609126,0.7090185596887394,0.5942313600719731,-0.346230399803927,0.6560649851340473,0.5637322274601887,0.870127073295397,0.5693179366904474,0.43951854945175056,0.8694859608047483,0.4880975456966804,0.33524992430309714
-1.400398880752803,1.3854724988486993,1.3774185895991653,-1.606436907032981,1.3754654155940993,1.3638496620820535,-1.4516904743801406,1.3785142085165907,1.3385005244678714,-2.2595342345721847,0.04158306767332118,-0.24298725144132616,0.03909564720448113,0.4915815037664602,0.3438755127741023,-2.508657131351305,0.42640062151264446,0.22541764748442422,-1.0949705624479256,0.5457555387625497,0.41748022436792986
0.6999555932314384,-1.1567174022671132,-0.8035785206763514,0.6885591418424561,-0.3012807329893003,-0.5185818261106259,0.286242589277126,-1.0545687687945373,-0.7729751348512052,0.9119262209609126,0.810804353892784,0.749479234120467,0.9352329411298357,0.6887026089710232,0.6346626554577608,0.870127073295397,0.6710209061032939,0.5855845241647778,0.8694859608047483,0.5957737869015574,0.4839215316365961
-0.7600687209518091,-0.3975163094498327,-0.5746805056142205,-0.7370228098117254,-0.5506050425051837,-0.6540098649474153,-0.36086952692460195,-0.43028588178046506,-0.5914509831716154,-1.76600694001254,0.05117671428349678,-0.2571999652163698,-0.506406066154976,0.04857410162275585,-0.20022476003449316,-1.4317608347078847,-0.0024884171575137257,-0.2879650650416584,-1.3847764488491199,0.03737254469500727,-0.22370990614519348
1.220089645817429,-1.0560722075658184,-0.7914951410199491,0.23713397951146156,-0.3119597658856059,-0.5142838190433674,1.2488922171690024,-0.9622314289230794,-0.7593389382955846,0.822602839646841,1.3020243256672226,1.601130069675952,0.9352329411298357,0.9166361875890336,0.9706809650607762,0.7793011321861544,0.8703722760487566,0.8935959461103562,0.8694859608047483,0.8051218604221991,0.798763848522083
0.641471978602267,-0.2561723698891429,-0.48289119520304635,0.6887940188000279,-0.4136141392622153,-0.5795602207054328,0.006713692850887401,-0.31012410415319047,-0.5269501378527105,-1.1630286353773587,-0.10925799330890468,-0.43261129025587075,-0.7123544957670954,-0.006327147328236155,-0.28182880554001594,-0.8328959257378362,-0.06646616204943408,-0.37197345920139074,-0.1279751839060076,-0.0059174062133761215,-0.2771460663689056
-0.7854865548394069,0.9570451275430668,0.7983578376632431,-0.9814305467212965,1.1748471390833068,1.1434784248958512,-1.1200761419715937,1.0345575083318768,0.9074936874328314,-0.3696423261721527,-0.03741127790970759,-0.3378957082238009,0.9352329411298357,0.688702609794147,0.6346626561650157,0.2281442751383703,0.4831528716828815,0.33071010754314134,0.8694859608047483,0.5957737884373959,0.483921530928091
