,round_epochs,val_loss,val_acc,val_f1score,loss,acc,f1score,activation,batch_size,dropout,epochs,first_neuron,kernel_initializer,last_activation,losses,optimizer
0,60,0.0025050784164472955,0.9992659091949463,0.9992682337760925,0.005309500278987976,0.9982869625091553,0.9982882142066956,relu,60,0.2,60,22,uniform,softmax,categorical_crossentropy,Nadam
1,60,,0.35676997900009155,,,0.3498811423778534,,elu,30,0.0,60,34,uniform,sigmoid,categorical_crossentropy,Nadam
2,60,0.01365922727268098,0.9949429035186768,0.9949721693992615,0.01813177361515515,0.9945462346076965,0.9945196509361267,elu,128,0.2,60,10,uniform,softmax,categorical_crossentropy,Adam
3,30,0.0010562778053596334,0.9982055425643921,0.9981704354286194,0.0018021318337873324,0.9968885183334351,0.9968907237052917,elu,60,0.2,30,28,normal,softmax,mean_squared_error,Nadam
4,60,0.0009584576497752346,0.9981240034103394,0.9980874061584473,0.001687979229465713,0.9970284104347229,0.9970349073410034,elu,128,0.2,60,22,uniform,softmax,mean_squared_error,Nadam
5,30,0.002392959270814698,0.9955954551696777,0.9956437945365906,0.0034386613567429195,0.9936022758483887,0.9936842322349548,relu,128,0.1,30,10,normal,softmax,mean_squared_error,Nadam
6,20,0.011976542950371967,0.9963295459747314,0.9963005781173706,0.012793323698777016,0.9959796071052551,0.9960389137268066,elu,60,0.0,20,28,normal,softmax,categorical_crossentropy,Adam
7,50,0.0022139469133962046,0.9967373609542847,0.996449887752533,0.002483551538353838,0.9962942004203796,0.9961114525794983,elu,30,0.0,50,10,normal,sigmoid,mean_squared_error,adadelta
8,60,0.00031812711542686465,0.9996737241744995,0.9996333122253418,0.000702602086050814,0.9989861845970154,0.9989714622497559,relu,128,0.1,60,34,uniform,sigmoid,mean_squared_error,Nadam
9,50,0.005341184744751738,0.9987764954566956,0.9987775087356567,0.007231718097201996,0.9982869625091553,0.9982882142066956,relu,30,0.0,50,10,normal,softmax,categorical_crossentropy,adadelta
10,30,0.000774176707540266,0.999102771282196,0.9990249872207642,0.0009940181142285961,0.9986016154289246,0.9984622001647949,relu,60,0.0,30,28,uniform,sigmoid,mean_squared_error,Nadam
11,10,0.004756520901853465,0.9908645749092102,0.991093099117279,0.005331473679587477,0.99056077003479,0.9907208681106567,relu,60,0.1,10,40,normal,sigmoid,mean_squared_error,adadelta
12,10,0.023929404320277358,0.9915986657142639,0.9916349053382874,0.02367438580890316,0.9922038912773132,0.9921423196792603,relu,128,0.0,10,22,uniform,softmax,categorical_crossentropy,Nadam
13,50,0.0004390504208243745,0.9995921850204468,0.9996336102485657,0.0006721838771405525,0.99919593334198,0.9991808533668518,relu,128,0.0,50,28,uniform,sigmoid,mean_squared_error,Nadam
14,60,0.002301828442485234,0.999347448348999,0.9993481040000916,0.005788235171240894,0.9982869625091553,0.9982703924179077,relu,30,0.2,60,34,uniform,softmax,categorical_crossentropy,adadelta
15,20,0.014427781509551513,0.9946166276931763,0.737419843673706,0.020574777511808626,0.9925185441970825,0.7319322228431702,relu,60,0.1,20,16,uniform,sigmoid,categorical_crossentropy,Adam
16,40,0.008791818662256392,0.9975529909133911,0.9975991249084473,0.01431598031843622,0.9947909116744995,0.9949243664741516,relu,128,0.1,40,16,normal,softmax,categorical_crossentropy,adadelta
17,50,0.013402781330546272,0.994208812713623,0.9282731413841248,0.025095804102284555,0.9909802675247192,0.8810482025146484,relu,60,0.2,50,10,uniform,sigmoid,categorical_crossentropy,Adam
18,30,,0.35676997900009155,,,0.3498811423778534,,elu,60,0.2,30,34,uniform,sigmoid,categorical_crossentropy,Nadam
19,10,0.026213232815557357,0.9898858070373535,0.768632709980011,0.03224857929509762,0.989197313785553,0.7748369574546814,relu,128,0.1,10,28,uniform,sigmoid,categorical_crossentropy,adadelta
20,20,0.0018646189593520095,0.9970636367797852,0.9968132972717285,0.001962490708503321,0.9970983266830444,0.9969632029533386,elu,128,0.0,20,40,normal,sigmoid,mean_squared_error,Nadam
21,50,,0.35676997900009155,,,0.3498811423778534,,relu,30,0.0,50,40,uniform,sigmoid,categorical_crossentropy,Adam
22,30,0.011144561527433748,0.9964110851287842,0.9964141249656677,0.015167755396455452,0.9946860671043396,0.9946892857551575,elu,30,0.2,30,10,uniform,softmax,categorical_crossentropy,Nadam
23,10,0.010529293686125249,0.9950244426727295,0.7442660331726074,0.012405110933951252,0.9951055645942688,0.7504233717918396,elu,30,0.1,10,34,normal,sigmoid,categorical_crossentropy,Nadam
24,50,0.002308099364731187,0.9994290471076965,0.9994303584098816,0.00689909611909372,0.9975877404212952,0.9975930452346802,relu,128,0.2,50,22,normal,softmax,categorical_crossentropy,Nadam
25,60,0.002954159679053728,0.994453489780426,0.9944331645965576,0.0037255405425375477,0.9936022758483887,0.9934308528900146,relu,60,0.2,60,16,normal,sigmoid,mean_squared_error,adadelta
26,10,0.00531068173393587,0.989559531211853,0.98940110206604,0.004971620767556428,0.991225004196167,0.9912652969360352,relu,30,0.0,10,10,uniform,softmax,mean_squared_error,Adam
27,10,0.024604178322737407,0.9915171265602112,0.9915540814399719,0.028356176703218113,0.9908404350280762,0.9908051490783691,elu,128,0.1,10,34,normal,softmax,categorical_crossentropy,adadelta
28,50,0.006474585899620443,0.9979608654975891,0.9979627132415771,0.011532692921086916,0.9964690208435059,0.9964873194694519,elu,30,0.2,50,40,normal,softmax,categorical_crossentropy,adadelta
29,20,0.009242666376295817,0.9969820380210876,0.7248026728630066,0.012513818989523874,0.9954202175140381,0.7128739356994629,elu,128,0.1,20,40,uniform,sigmoid,categorical_crossentropy,Nadam
30,50,0.0038165449991217635,0.9986949563026428,0.6893045902252197,0.006531824432033599,0.9975528120994568,0.6830862760543823,relu,30,0.1,50,28,uniform,sigmoid,categorical_crossentropy,adadelta
31,40,0.0006290621040379602,0.9999184608459473,0.9999186992645264,0.001541927053900973,0.9996154308319092,0.9996156692504883,relu,60,0.1,40,34,uniform,softmax,categorical_crossentropy,Nadam
32,40,0.006000435662039097,0.9982055425643921,0.9982114434242249,0.00967349958713711,0.9967836737632751,0.9968379735946655,elu,60,0.1,40,40,normal,softmax,categorical_crossentropy,adadelta
33,10,0.003671709443997063,0.9937193989753723,0.9939248561859131,0.004114587232988204,0.9930429458618164,0.9929870963096619,relu,128,0.0,10,34,uniform,sigmoid,mean_squared_error,Nadam
34,30,0.0115655041236615,0.9959216713905334,0.9959746599197388,0.016639184246478915,0.9944413304328918,0.99437415599823,elu,60,0.1,30,10,uniform,softmax,categorical_crossentropy,Adam
35,30,0.0016815054739930902,0.9974714517593384,0.9967185854911804,0.002476437081646335,0.9957348704338074,0.9954096078872681,elu,30,0.1,30,34,uniform,sigmoid,mean_squared_error,Adam
36,10,0.005491300271589225,0.9982055425643921,0.9982470870018005,0.01090398135102478,0.9962592720985413,0.996294379234314,relu,30,0.2,10,34,normal,softmax,categorical_crossentropy,Nadam
37,50,0.0009252316702262089,0.9987764954566956,0.998779296875,0.001033886279902401,0.9986016154289246,0.9986044764518738,relu,128,0.0,50,10,normal,softmax,mean_squared_error,Nadam
38,40,0.012542889612926048,0.9949429035186768,0.8936565518379211,0.0201567281803811,0.9933575987815857,0.8712993264198303,elu,30,0.1,40,10,normal,sigmoid,categorical_crossentropy,adadelta
39,50,,0.35676997900009155,,,0.3498811423778534,,elu,60,0.2,50,28,uniform,sigmoid,categorical_crossentropy,adadelta
40,30,0.003200410118785779,0.9991843104362488,0.9991850256919861,0.006393544397316113,0.9980072975158691,0.9980424046516418,relu,30,0.1,30,40,uniform,softmax,categorical_crossentropy,adadelta
41,30,0.004143553205460407,0.9925774931907654,0.9924052357673645,0.004193506368585431,0.9931477904319763,0.9932976365089417,elu,128,0.0,30,10,normal,sigmoid,mean_squared_error,adadelta
42,10,0.0056670417995933475,0.9888254404067993,0.9889801144599915,0.005984355471249603,0.9901762008666992,0.9901819229125977,elu,60,0.2,10,16,normal,softmax,mean_squared_error,Adam
43,20,0.0048253060104512,0.9909461736679077,0.9909716248512268,0.010025962648709346,0.9758775234222412,0.9772352576255798,relu,60,0.2,20,10,normal,softmax,mean_squared_error,adadelta
44,30,0.007880406307746302,0.9977161288261414,0.9977213740348816,0.012367505514026605,0.9960495233535767,0.9960888624191284,relu,128,0.2,30,40,uniform,softmax,categorical_crossentropy,Adam
45,30,0.010803632886194283,0.9958401322364807,0.9958537817001343,0.013793495923282937,0.9953503012657166,0.9952477216720581,relu,60,0.2,30,28,uniform,softmax,categorical_crossentropy,adadelta
46,10,0.025013024682637917,0.9902936220169067,0.7613248825073242,0.031585453053926724,0.9889875650405884,0.7605706453323364,relu,128,0.2,10,34,uniform,sigmoid,categorical_crossentropy,adadelta
47,30,0.0031142501608965294,0.9991843104362488,0.9991850256919861,0.006736627022239255,0.9977625608444214,0.9977641105651855,relu,30,0.2,30,28,uniform,softmax,categorical_crossentropy,Adam
48,20,0.0026824939290021822,0.9947797656059265,0.9948766827583313,0.0035058832814729795,0.9938470125198364,0.9938555359840393,elu,60,0.2,20,40,uniform,softmax,mean_squared_error,adadelta
49,60,0.002351050369812215,0.9995105862617493,0.99951171875,0.004246769290950882,0.9988462924957275,0.9988490343093872,relu,128,0.1,60,40,normal,softmax,categorical_crossentropy,adadelta
50,10,0.006965543281409543,0.9876835346221924,0.9873743057250977,0.009409595535075158,0.9837784767150879,0.9839712977409363,elu,60,0.2,10,10,normal,sigmoid,mean_squared_error,adadelta
51,50,0.00968104799142864,0.9969820380210876,0.9970294833183289,0.015210953725124468,0.9949657320976257,0.9950124025344849,relu,128,0.1,50,16,uniform,softmax,categorical_crossentropy,adadelta
52,20,0.019009626656476344,0.9932300448417664,0.9932342171669006,0.01909529759903117,0.9945811629295349,0.9945830702781677,elu,30,0.0,20,10,normal,softmax,categorical_crossentropy,adadelta
53,50,0.005354885527253345,0.9983686804771423,0.6969308257102966,0.009719097098928722,0.996504008769989,0.7319474220275879,relu,128,0.2,50,34,normal,sigmoid,categorical_crossentropy,Adam
54,50,0.00023233151541235183,0.9995921850204468,0.9995925426483154,0.00032878491880121733,0.9994056820869446,0.9993883967399597,elu,30,0.0,50,22,uniform,softmax,mean_squared_error,Nadam
55,10,0.00456738929718747,0.9912724494934082,0.9912381768226624,0.00474381474236681,0.9919941425323486,0.9919977188110352,relu,30,0.0,10,10,normal,softmax,mean_squared_error,adadelta
56,50,0.005410798050943294,0.9981240034103394,0.7408158183097839,0.005851519133957107,0.9982869625091553,0.7395265698432922,elu,128,0.0,50,34,normal,sigmoid,categorical_crossentropy,adadelta
57,30,0.0011838918240443133,0.9982055425643921,0.9982114434242249,0.0019509163305017514,0.9966088533401489,0.9965745210647583,relu,60,0.2,30,28,uniform,softmax,mean_squared_error,Adam
58,40,0.001084352963941494,0.9983686804771423,0.9983741044998169,0.0016802293107899958,0.9969934225082397,0.9969946146011353,elu,60,0.1,40,22,uniform,softmax,mean_squared_error,Nadam
59,60,0.0012946794590855833,0.9982055425643921,0.9980487823486328,0.0014419709666848868,0.9977974891662598,0.9977447986602783,relu,60,0.0,60,10,uniform,sigmoid,mean_squared_error,Adam
60,10,0.004078592278782172,0.9918434023857117,0.9918461441993713,0.004408185915722253,0.9915396571159363,0.9915620684623718,elu,30,0.1,10,22,uniform,softmax,mean_squared_error,Adam
61,10,0.017247252781249865,0.9938825368881226,0.9938614964485168,0.019037527693652394,0.9936372637748718,0.9936230182647705,relu,60,0.0,10,16,uniform,softmax,categorical_crossentropy,Nadam
62,60,0.0001706797472057742,0.9998368620872498,0.999839723110199,0.00021214643603723792,0.9998251795768738,0.9997203946113586,relu,30,0.0,60,40,uniform,sigmoid,mean_squared_error,Adam
63,20,0.0014377933729635736,0.9982055425643921,0.9979640245437622,0.0018167523060490108,0.9974479079246521,0.9972459673881531,elu,60,0.0,20,22,normal,sigmoid,mean_squared_error,Nadam
64,30,0.011602592774692293,0.9965742230415344,0.9965854287147522,0.013236039193414201,0.9958047866821289,0.9957897663116455,elu,60,0.0,30,10,normal,softmax,categorical_crossentropy,Adam
65,10,0.0062302160303170685,0.98931485414505,0.9892070889472961,0.0074624334447140036,0.9877989292144775,0.987815260887146,relu,128,0.1,10,22,uniform,softmax,mean_squared_error,Adam
66,50,0.0002400011297012514,0.9998368620872498,0.9997158050537109,0.00036582844690009745,0.9995455145835876,0.999424159526825,relu,60,0.0,50,34,uniform,sigmoid,mean_squared_error,Nadam
67,30,0.0034573297279749666,0.9929037690162659,0.9928832054138184,0.004554515659019801,0.9913998246192932,0.9916775226593018,relu,60,0.1,30,10,uniform,softmax,mean_squared_error,adadelta
68,50,0.0015691007895538862,0.9970636367797852,0.9970245957374573,0.0027882773426547453,0.9948258996009827,0.9948460459709167,elu,30,0.2,50,10,uniform,softmax,mean_squared_error,Adam
69,20,0.0017258349289565285,0.9973899126052856,0.9973921775817871,0.0022136536188278604,0.9962942004203796,0.9962949752807617,elu,30,0.1,20,28,uniform,softmax,mean_squared_error,Adam
70,60,0.0011357422112801034,0.9981240034103394,0.9980080127716064,0.0018369346575565903,0.996748685836792,0.9968552589416504,relu,30,0.2,60,34,normal,sigmoid,mean_squared_error,adadelta
71,30,0.0030241426519590593,0.9947797656059265,0.9938763976097107,0.0036913292285045275,0.9937421083450317,0.9936120510101318,elu,30,0.2,30,22,normal,sigmoid,mean_squared_error,Adam
72,10,0.012350796600765988,0.9951875805854797,0.9951086640357971,0.015264409510340448,0.9950356483459473,0.9949790239334106,relu,30,0.2,10,40,uniform,softmax,categorical_crossentropy,Adam
73,50,0.0035361722022829644,0.9991843104362488,0.9991869926452637,0.006359974760344747,0.997972309589386,0.9979732632637024,relu,60,0.1,50,28,normal,softmax,categorical_crossentropy,adadelta
74,20,0.008959390285696098,0.9969004988670349,0.9969031810760498,0.012017888791355987,0.9958397150039673,0.9957893490791321,elu,30,0.1,20,22,uniform,softmax,categorical_crossentropy,Adam
75,20,0.008514076839200796,0.9967373609542847,0.9967387318611145,0.011791944337078036,0.9959096908569336,0.9959610104560852,relu,30,0.2,20,34,normal,softmax,categorical_crossentropy,adadelta
76,30,0.003968454139279794,0.9989396333694458,0.6835798621177673,0.007218768665282604,0.9973779916763306,0.6802096962928772,relu,128,0.2,30,40,normal,sigmoid,categorical_crossentropy,Nadam
77,50,0.0032088020625457925,0.9937193989753723,0.9936831593513489,0.0033250234659387037,0.9941266775131226,0.9941651225090027,elu,30,0.2,50,10,normal,softmax,mean_squared_error,adadelta
78,20,0.01460338230890512,0.9955138564109802,0.9954594969749451,0.022119567077567844,0.992693305015564,0.9927617907524109,relu,128,0.2,20,34,normal,softmax,categorical_crossentropy,Adam
79,40,0.002325148759259077,0.9955954551696777,0.9955689311027527,0.00278788027967339,0.9954202175140381,0.9954057931900024,elu,60,0.1,40,10,normal,softmax,mean_squared_error,Adam
80,50,0.0002328904276555996,0.9995921850204468,0.9995522499084473,0.0005925763290088593,0.9991260170936584,0.9991280436515808,relu,128,0.2,50,34,normal,softmax,mean_squared_error,Nadam
81,20,0.027119542316793425,0.9897226691246033,0.8155702948570251,0.03358369232454276,0.9892323017120361,0.8325973749160767,elu,128,0.2,20,22,uniform,sigmoid,categorical_crossentropy,Adam
82,30,0.001406756061830862,0.9978792667388916,0.9977254271507263,0.00173591691608755,0.9974479079246521,0.9973766803741455,elu,60,0.0,30,10,normal,sigmoid,mean_squared_error,Nadam
83,50,0.00011754396378796175,0.999755322933197,0.9997555613517761,0.00016875593555624183,0.9996504187583923,0.9996506571769714,relu,30,0.0,50,28,normal,softmax,mean_squared_error,Nadam
84,10,0.00476881165707162,0.9898858070373535,0.9901424646377563,0.00533768473375595,0.990001380443573,0.9899320006370544,relu,30,0.1,10,22,uniform,sigmoid,mean_squared_error,Adam
85,50,0.01606482275158507,0.9924143552780151,0.9093337059020996,0.023352697975605356,0.9880086779594421,0.882610023021698,elu,128,0.1,50,10,normal,sigmoid,categorical_crossentropy,adadelta
86,10,0.01820893541254657,0.9938825368881226,0.9938862323760986,0.020735059928457988,0.9929730296134949,0.9929937720298767,relu,30,0.0,10,16,normal,softmax,categorical_crossentropy,Adam
87,20,0.0022251368046134713,0.9969004988670349,0.9966611862182617,0.002328880018995926,0.9964340925216675,0.9964674115180969,relu,30,0.0,20,40,uniform,sigmoid,mean_squared_error,adadelta
88,10,0.018764179667206567,0.9938825368881226,0.8513707518577576,0.02288817050658343,0.9920989871025085,0.8557462096214294,elu,30,0.1,10,40,uniform,sigmoid,categorical_crossentropy,adadelta
89,40,0.01672329849595444,0.9938825368881226,0.6363632678985596,0.016799042132384725,0.9943714141845703,0.6688364148139954,elu,128,0.0,40,10,uniform,sigmoid,categorical_crossentropy,adadelta
90,40,0.013160515364508645,0.995106041431427,0.9950120449066162,0.022847431087628094,0.9920640587806702,0.9920188188552856,relu,128,0.1,40,10,normal,softmax,categorical_crossentropy,adadelta
91,10,0.006025026116237104,0.9889885783195496,0.9891422986984253,0.006931985541306789,0.9889525771141052,0.9883704781532288,elu,60,0.1,10,16,uniform,sigmoid,mean_squared_error,Adam
92,30,0.006911085872037235,0.9975529909133911,0.78011155128479,0.013776084880355715,0.9946161508560181,0.8159373998641968,relu,30,0.2,30,22,uniform,sigmoid,categorical_crossentropy,Adam
93,30,0.002658706828605931,0.9954323172569275,0.9953652620315552,0.0028446274082284412,0.9954901337623596,0.9954979419708252,relu,60,0.0,30,10,normal,softmax,mean_squared_error,adadelta
94,10,0.02436794333365407,0.9900489449501038,0.9900805950164795,0.03286626496597556,0.9890924096107483,0.989063024520874,relu,60,0.1,10,10,uniform,softmax,categorical_crossentropy,Nadam
95,60,0.002527911369725003,0.9991843104362488,0.9991870522499084,0.004486339052791131,0.9986715316772461,0.9986897706985474,relu,60,0.1,60,16,normal,softmax,categorical_crossentropy,Nadam
96,30,0.002952632842724483,0.9955954551696777,0.9950336813926697,0.0032274593873741144,0.9948258996009827,0.9946988224983215,elu,60,0.0,30,34,uniform,sigmoid,mean_squared_error,adadelta
97,30,0.007714383209338041,0.9974714517593384,0.9974735379219055,0.012055003123809497,0.9964340925216675,0.9964176416397095,elu,30,0.1,30,34,normal,softmax,categorical_crossentropy,adadelta
98,50,0.00042176546688579874,0.9995105862617493,0.9995110630989075,0.0005460827927437032,0.9992658495903015,0.9992130398750305,relu,30,0.0,50,40,normal,softmax,mean_squared_error,adadelta
99,30,0.003955252581719626,0.9985318183898926,0.9985330700874329,0.0024652289234210955,0.9992308616638184,0.9992313385009766,elu,30,0.0,30,34,normal,softmax,categorical_crossentropy,Nadam
100,50,,0.35676997900009155,,,0.3498811423778534,,elu,60,0.2,50,34,normal,sigmoid,categorical_crossentropy,Adam
101,50,0.009097754379060831,0.9963295459747314,0.9963415861129761,0.011766916188314014,0.9961893558502197,0.9962091445922852,elu,60,0.2,50,28,normal,softmax,categorical_crossentropy,adadelta
102,10,0.026580362300978,0.9907014966011047,0.9908115863800049,0.0340084274944733,0.988393247127533,0.9884036779403687,relu,60,0.1,10,16,normal,softmax,categorical_crossentropy,Adam
103,40,0.0015226833989919878,0.9976345896720886,0.9976423978805542,0.002377551222630471,0.9958047866821289,0.9957894086837769,elu,60,0.1,40,22,uniform,softmax,mean_squared_error,adadelta
104,60,0.005019836820896847,0.9987764954566956,0.9987804889678955,0.006094094770291337,0.9983918070793152,0.9983753561973572,relu,60,0.0,60,10,normal,softmax,categorical_crossentropy,adadelta
105,30,0.009451918200620179,0.9961664080619812,0.7988320589065552,0.017064510673341707,0.9938820004463196,0.7915992736816406,relu,30,0.2,30,16,uniform,sigmoid,categorical_crossentropy,Adam
106,20,0.0051603271560606715,0.9901304841041565,0.9902073740959167,0.0056822943551510935,0.9900712966918945,0.9901453256607056,elu,128,0.1,20,10,normal,softmax,mean_squared_error,Adam
107,60,0.006991836881693483,0.9972267746925354,0.9972330927848816,0.009942172375546593,0.9967836737632751,0.9968260526657104,elu,128,0.2,60,28,normal,softmax,categorical_crossentropy,Adam
108,30,0.0025566077061260407,0.9965742230415344,0.9958475232124329,0.002809484882984281,0.9955251216888428,0.9955052137374878,elu,30,0.0,30,16,normal,sigmoid,mean_squared_error,adadelta
109,20,0.0048313119726727085,0.9902936220169067,0.9903592467308044,0.005115605249784908,0.9911201000213623,0.9911746382713318,relu,60,0.1,20,22,uniform,sigmoid,mean_squared_error,adadelta
110,20,0.011458908017803755,0.9954323172569275,0.7047258019447327,0.01704313313876844,0.9934974312782288,0.7078925371170044,relu,128,0.2,20,28,normal,sigmoid,categorical_crossentropy,Nadam
111,50,0.0016616165617839426,0.9973899126052856,0.9973549842834473,0.0023591867036603827,0.9960495233535767,0.9960583448410034,elu,128,0.1,50,34,uniform,softmax,mean_squared_error,adadelta
112,20,0.005251151429177285,0.9982055425643921,0.998207151889801,0.007236982645082105,0.9974828958511353,0.9974846839904785,elu,30,0.1,20,34,uniform,softmax,categorical_crossentropy,Nadam
113,50,0.004224543322673824,0.999102771282196,0.9990639686584473,0.005441439845617793,0.9986715316772461,0.9986746907234192,elu,128,0.0,50,10,normal,softmax,categorical_crossentropy,Nadam
114,40,0.009614572722710164,0.9958401322364807,0.6611869931221008,0.009436647584315574,0.9968186020851135,0.6620541214942932,elu,60,0.0,40,10,normal,sigmoid,categorical_crossentropy,Adam
115,50,0.0032542047360406804,0.9939641356468201,0.9933639168739319,0.0037544207471555367,0.9938120245933533,0.9934098124504089,elu,128,0.1,50,22,uniform,sigmoid,mean_squared_error,Adam
116,50,,0.35676997900009155,,,0.3498811423778534,,elu,128,0.2,50,22,uniform,sigmoid,categorical_crossentropy,Nadam
117,40,0.003123200306521507,0.9990212321281433,0.7538745403289795,0.0030122684931428185,0.9993007779121399,0.7112951874732971,relu,128,0.0,40,22,uniform,sigmoid,categorical_crossentropy,Nadam
118,30,0.002309740920267074,0.9994290471076965,0.9994309544563293,0.005453150064865646,0.9979373216629028,0.9979212284088135,relu,60,0.1,30,22,uniform,softmax,categorical_crossentropy,Nadam
119,20,0.0009409035418945502,0.9987764954566956,0.9986559748649597,0.00132515736456569,0.9980072975158691,0.9978150129318237,elu,30,0.0,20,34,normal,sigmoid,mean_squared_error,Nadam
120,10,0.0032523864126576566,0.9938009977340698,0.9938849806785583,0.003938478745712832,0.9931128621101379,0.9931163787841797,elu,30,0.1,10,34,normal,softmax,mean_squared_error,adadelta
121,50,0.00046283177508050377,0.9995105862617493,0.99951171875,0.0008373237752046063,0.998531699180603,0.998552680015564,relu,128,0.2,50,34,normal,sigmoid,mean_squared_error,Nadam
122,60,0.00011322338402231129,1.0,1.0,0.0002850567119851805,0.9996504187583923,0.9996512532234192,relu,128,0.1,60,40,uniform,softmax,mean_squared_error,Nadam
123,30,0.007693485317040941,0.9972267746925354,0.9972290992736816,0.01121153883447411,0.9962242841720581,0.9962441921234131,elu,30,0.1,30,16,normal,softmax,categorical_crossentropy,Adam
124,50,0.011781664887137024,0.9958401322364807,0.8948867917060852,0.026317761183595058,0.9918543100357056,0.858730137348175,relu,30,0.2,50,10,uniform,sigmoid,categorical_crossentropy,Adam
125,50,0.007988008579655533,0.9970636367797852,0.997047483921051,0.011669720455482806,0.9962592720985413,0.996250331401825,elu,128,0.1,50,28,uniform,softmax,categorical_crossentropy,adadelta
126,20,0.0036845292484305714,0.9929853081703186,0.9931178689002991,0.004189850514515799,0.9928331971168518,0.9927390217781067,relu,128,0.1,20,34,normal,sigmoid,mean_squared_error,Adam
127,40,0.0030462695680835185,0.9989396333694458,0.9989405870437622,0.0033658221806187904,0.9988812804222107,0.9988820552825928,relu,30,0.0,40,40,uniform,softmax,categorical_crossentropy,adadelta
128,20,0.022197814140511377,0.9924958944320679,0.9925535321235657,0.023101467929114713,0.9928681254386902,0.9929538369178772,elu,128,0.0,20,16,normal,softmax,categorical_crossentropy,Adam
129,30,0.0028388389368005232,0.9947797656059265,0.9947448372840881,0.003136770572883735,0.9946860671043396,0.9947496652603149,elu,128,0.0,30,22,normal,softmax,mean_squared_error,Adam
130,60,0.0009703695737512379,0.9985318183898926,0.9986172318458557,0.001700740972024985,0.9973430037498474,0.997378945350647,relu,60,0.2,60,34,uniform,softmax,mean_squared_error,adadelta
131,30,0.013511418314758144,0.9940456748008728,0.8197677135467529,0.017605558661219226,0.9935673475265503,0.7996003031730652,elu,60,0.1,30,16,normal,sigmoid,categorical_crossentropy,adadelta
132,20,0.00505638231263537,0.990212082862854,0.9903847575187683,0.005750716715031218,0.9898615479469299,0.9897918105125427,relu,128,0.1,20,22,uniform,sigmoid,mean_squared_error,adadelta
133,50,0.002417663550564127,0.99535071849823,0.9953547120094299,0.0020839378306630493,0.9961893558502197,0.9961732029914856,elu,30,0.2,50,16,normal,softmax,mean_squared_error,Nadam
134,60,0.0021495589626351163,0.9961664080619812,0.9962095618247986,0.002713325112622138,0.9953503012657166,0.9954037666320801,elu,30,0.2,60,16,normal,softmax,mean_squared_error,adadelta
135,50,0.00011961503426140552,0.9999184608459473,0.9998770952224731,0.0003923563971482738,0.9993007779121399,0.9993184804916382,relu,30,0.1,50,28,normal,softmax,mean_squared_error,Adam
136,50,0.001303584188831877,0.9981240034103394,0.9981254935264587,0.0018175471108723053,0.9968535900115967,0.9968878030776978,elu,30,0.1,50,28,normal,softmax,mean_squared_error,adadelta
137,60,0.0018091888714047743,0.9996737241744995,0.9996740818023682,0.002303851580617173,0.9993706941604614,0.9993711113929749,relu,30,0.0,60,28,normal,softmax,categorical_crossentropy,adadelta
138,20,0.0015240202100735836,0.9977977275848389,0.9973989129066467,0.0025023013558337945,0.9960145354270935,0.9954150915145874,elu,60,0.1,20,40,uniform,sigmoid,mean_squared_error,Nadam
139,30,0.0030723119242000445,0.9938009977340698,0.9937992095947266,0.003814726416447572,0.9929380416870117,0.9930568933486938,relu,30,0.1,30,10,uniform,sigmoid,mean_squared_error,Adam
140,40,0.0009397527914369694,0.9986133575439453,0.9986168742179871,0.0011113397097896195,0.9984967112541199,0.9984428286552429,relu,128,0.0,40,22,normal,sigmoid,mean_squared_error,Nadam
141,10,0.037227068621464694,0.9871941208839417,0.9872056841850281,0.054175206362250934,0.9830793142318726,0.9831215143203735,relu,128,0.2,10,16,uniform,softmax,categorical_crossentropy,Adam
142,50,0.009062248226224793,0.9965742230415344,0.7528078556060791,0.014785434641457137,0.9944064021110535,0.7483590245246887,relu,128,0.2,50,22,normal,sigmoid,categorical_crossentropy,Adam
143,10,0.012731007281459738,0.9959216713905334,0.9958007335662842,0.016607865342904614,0.9945462346076965,0.9945831894874573,relu,30,0.1,10,40,uniform,softmax,categorical_crossentropy,adadelta
144,10,0.001437361150332989,0.9973899126052856,0.9973906874656677,0.002582605362943964,0.9954202175140381,0.9953456521034241,relu,30,0.2,10,28,normal,softmax,mean_squared_error,Nadam
145,50,,0.35676997900009155,,,0.3498811423778534,,elu,60,0.0,50,16,normal,sigmoid,categorical_crossentropy,Nadam
146,30,0.01801484488923145,0.9938009977340698,0.6882666945457458,0.018047242212054438,0.9942315816879272,0.7114841341972351,elu,128,0.0,30,10,normal,sigmoid,categorical_crossentropy,adadelta
147,10,0.02700922450880242,0.989559531211853,0.7624297738075256,0.034906204025648035,0.9874492883682251,0.7680939435958862,relu,128,0.2,10,28,normal,sigmoid,categorical_crossentropy,adadelta
148,30,0.006807283275416004,0.9975529909133911,0.997555136680603,0.008051491073621605,0.9976576566696167,0.997693657875061,elu,30,0.0,30,28,normal,softmax,categorical_crossentropy,adadelta
149,40,0.006617962140296733,0.9982871413230896,0.60539311170578,0.012471056426816661,0.9952453970909119,0.6207811236381531,relu,30,0.1,40,16,uniform,sigmoid,categorical_crossentropy,adadelta
150,10,0.005635875642275759,0.9982871413230896,0.6831405162811279,0.00945247549309663,0.9964340925216675,0.7017543911933899,relu,30,0.1,10,40,normal,sigmoid,categorical_crossentropy,Nadam
151,30,0.016482518091311658,0.9936378598213196,0.7770290374755859,0.02594582281165151,0.9911201000213623,0.7823346853256226,relu,128,0.2,30,22,uniform,sigmoid,categorical_crossentropy,adadelta
152,20,0.0061224813896670425,0.9982055425643921,0.9982096552848816,0.010298566829057368,0.9965389370918274,0.9965068101882935,relu,128,0.2,20,34,normal,softmax,categorical_crossentropy,Nadam
153,50,0.0018403614842779222,0.9967373609542847,0.9966157078742981,0.0019156889437037467,0.9966787695884705,0.996715784072876,elu,30,0.0,50,16,uniform,sigmoid,mean_squared_error,adadelta
154,40,0.009379161697118065,0.9969004988670349,0.7120130658149719,0.014200272650561197,0.9950007200241089,0.7268437147140503,relu,128,0.2,40,28,uniform,sigmoid,categorical_crossentropy,adadelta
155,60,0.007194907895544222,0.9976345896720886,0.9976825714111328,0.013045073584222598,0.9959796071052551,0.9959471821784973,elu,60,0.2,60,16,normal,softmax,categorical_crossentropy,adadelta
156,10,0.006315161138153262,0.9977161288261414,0.719486653804779,0.007963916554257003,0.9969235062599182,0.7430355548858643,elu,30,0.0,10,40,uniform,sigmoid,categorical_crossentropy,Nadam
157,50,0.0016276487364735677,0.9974714517593384,0.9974835515022278,0.0019425863490071431,0.9969235062599182,0.9970455765724182,elu,60,0.0,50,34,uniform,sigmoid,mean_squared_error,adadelta
158,40,,0.35676997900009155,,,0.3498811423778534,,elu,60,0.2,40,28,uniform,sigmoid,categorical_crossentropy,Adam
159,30,0.0013561591243430764,0.9971451759338379,0.9971473217010498,0.002212552109862855,0.995944619178772,0.9959990382194519,relu,30,0.2,30,16,uniform,softmax,mean_squared_error,Nadam
160,10,0.020813235383120715,0.9923328161239624,0.7003573775291443,0.025203782668379682,0.9913998246192932,0.7081618309020996,relu,60,0.1,10,34,normal,sigmoid,categorical_crossentropy,Adam
161,30,0.0010318124589801206,0.9985318183898926,0.9983733296394348,0.001489884032677508,0.9978324770927429,0.9977841377258301,relu,128,0.1,30,34,uniform,sigmoid,mean_squared_error,Nadam
162,10,0.005614263063591417,0.9898858070373535,0.9900287985801697,0.005752563381750189,0.9909802675247192,0.9907211065292358,elu,128,0.0,10,16,uniform,sigmoid,mean_squared_error,Nadam
163,60,0.003742005297576866,0.9990212321281433,0.9990234375,0.004157744405168127,0.9989511966705322,0.9989709258079529,elu,128,0.0,60,28,normal,softmax,categorical_crossentropy,Adam
164,20,0.004242573162695761,0.9920065402984619,0.9919772744178772,0.005433561348141677,0.9902111887931824,0.9902111291885376,relu,128,0.1,20,16,normal,softmax,mean_squared_error,adadelta
165,60,0.006302531720040333,0.9978792667388916,0.9978840947151184,0.009820245171322378,0.9969584941864014,0.996982753276825,elu,128,0.1,60,22,uniform,softmax,categorical_crossentropy,adadelta
166,50,0.0014237098001189784,0.9996737241744995,0.9996744990348816,0.0006987014265377938,0.9999650120735168,0.9999651312828064,relu,128,0.0,50,40,uniform,softmax,categorical_crossentropy,Nadam
167,60,,0.35676997900009155,,,0.3498811423778534,,elu,60,0.2,60,28,uniform,sigmoid,categorical_crossentropy,Adam
168,30,0.011474470707297714,0.9964926838874817,0.5919592380523682,0.012608268388723214,0.9962592720985413,0.6080958247184753,relu,128,0.0,30,28,normal,sigmoid,categorical_crossentropy,adadelta
169,30,0.002279995201037039,0.9969004988670349,0.9963559508323669,0.002652864370348174,0.9956299662590027,0.995582103729248,relu,128,0.0,30,16,normal,sigmoid,mean_squared_error,Nadam
170,40,0.015681116987157653,0.9945350885391235,0.9944709539413452,0.021491964083044005,0.9932876229286194,0.9932791590690613,elu,60,0.2,40,10,normal,softmax,categorical_crossentropy,adadelta
171,30,0.0001872298125527792,0.9999184608459473,0.999918520450592,0.00027697404738796224,0.9997552633285522,0.9997555017471313,relu,30,0.0,30,40,uniform,softmax,mean_squared_error,Adam
172,40,0.0013357858008378005,0.9996737241744995,0.9996740818023682,0.001325603452225135,0.9996504187583923,0.9996505975723267,relu,30,0.1,40,40,uniform,softmax,categorical_crossentropy,Nadam
173,30,0.011208797458566492,0.9964110851287842,0.6843740344047546,0.012676572556891716,0.9955251216888428,0.6853500008583069,elu,60,0.0,30,10,uniform,sigmoid,categorical_crossentropy,Adam
174,50,0.0042061276648795234,0.9912724494934082,0.9912819266319275,0.00601130406016182,0.9886029958724976,0.9886419177055359,relu,128,0.2,50,16,uniform,sigmoid,mean_squared_error,adadelta
175,40,0.0027624393558071934,0.9958401322364807,0.9956443905830383,0.0027410332471329716,0.9958747029304504,0.9955646395683289,relu,128,0.0,40,28,uniform,sigmoid,mean_squared_error,adadelta
176,30,0.004097165193159565,0.9926590323448181,0.9922975897789001,0.004694200320779619,0.9918543100357056,0.9916099309921265,elu,128,0.1,30,22,uniform,sigmoid,mean_squared_error,Adam
177,40,0.0003796322355201482,0.999347448348999,0.9993466734886169,0.0006264370562079775,0.9990211129188538,0.9989694952964783,relu,30,0.1,40,22,normal,sigmoid,mean_squared_error,Nadam
178,60,0.000166221310290299,0.999755322933197,0.9998369812965393,0.0005639593783644192,0.9989511966705322,0.9988497495651245,relu,30,0.2,60,40,normal,sigmoid,mean_squared_error,Nadam
179,40,0.002126522392693901,0.9973083138465881,0.9973546862602234,0.002358457589371711,0.9969235062599182,0.9968745112419128,elu,128,0.0,40,22,uniform,softmax,mean_squared_error,adadelta
180,50,0.005589867443101538,0.9980424046516418,0.5704619288444519,0.006059303333948443,0.9984967112541199,0.5719836354255676,relu,128,0.0,50,16,normal,sigmoid,categorical_crossentropy,Adam
181,50,0.005945975190050578,0.9978792667388916,0.8042916059494019,0.01310281443914761,0.9954552054405212,0.7908686399459839,relu,60,0.2,50,16,normal,sigmoid,categorical_crossentropy,Adam
182,10,0.006414489571132726,0.9889885783195496,0.9889404773712158,0.006443239418002333,0.990420937538147,0.9902682900428772,elu,128,0.0,10,40,normal,sigmoid,mean_squared_error,adadelta
183,50,0.0013303843684405149,0.9982055425643921,0.9982114434242249,0.0018646973593112377,0.9968885183334351,0.9969769716262817,elu,60,0.1,50,34,normal,softmax,mean_squared_error,adadelta
184,10,0.0050779293256327145,0.990456759929657,0.990513026714325,0.005593671227473604,0.9903160333633423,0.9904069900512695,elu,128,0.1,10,40,uniform,softmax,mean_squared_error,adadelta
185,50,0.010089845912831836,0.9963295459747314,0.9962970614433289,0.015273302420244453,0.9948958158493042,0.9949072599411011,elu,128,0.2,50,22,uniform,softmax,categorical_crossentropy,adadelta
186,20,0.013306928492467592,0.9946166276931763,0.7441745400428772,0.016360409195156987,0.9941616654396057,0.7444920539855957,elu,60,0.1,20,28,uniform,sigmoid,categorical_crossentropy,Adam
187,30,0.002532909178457002,0.9955954551696777,0.995770275592804,0.003926586584316451,0.9934624433517456,0.993355929851532,relu,60,0.2,30,22,normal,sigmoid,mean_squared_error,adadelta
188,40,0.02100394670205832,0.9914355874061584,0.9914082884788513,0.03466051901385778,0.9882534146308899,0.9882975816726685,relu,128,0.2,40,10,normal,softmax,categorical_crossentropy,adadelta
189,30,0.0014345980079565046,0.9981240034103394,0.9981282353401184,0.001730904082796057,0.9975178241729736,0.997553288936615,elu,128,0.0,30,40,normal,softmax,mean_squared_error,Adam
190,40,0.004519440850297358,0.9915171265602112,0.9910571575164795,0.005248372992218293,0.9914347529411316,0.990963339805603,elu,60,0.2,40,10,uniform,sigmoid,mean_squared_error,adadelta
191,40,0.0056140596678840365,0.9977161288261414,0.7566310167312622,0.005866660061086776,0.9976576566696167,0.7203618288040161,relu,30,0.1,40,22,normal,sigmoid,categorical_crossentropy,Adam
192,40,0.0007727281618001042,0.9986949563026428,0.9986559748649597,0.0013621162026216434,0.9977625608444214,0.9976389408111572,relu,30,0.2,40,28,uniform,sigmoid,mean_squared_error,Adam
193,40,0.0009399213002779853,0.9984502196311951,0.9984554648399353,0.0007216127888224456,0.9988462924957275,0.9988471865653992,elu,60,0.0,40,34,uniform,softmax,mean_squared_error,Nadam
194,10,0.026599809638001206,0.990212082862854,0.8968817591667175,0.03165405653203522,0.989197313785553,0.8885356783866882,elu,128,0.1,10,28,normal,sigmoid,categorical_crossentropy,adadelta
195,50,0.000391884392181299,0.9994290471076965,0.9994295835494995,0.0004610446164719335,0.9992308616638184,0.9992136359214783,elu,30,0.0,50,10,normal,softmax,mean_squared_error,Nadam
196,40,0.0001659632894096539,0.999755322933197,0.9997561573982239,0.0002464406459936775,0.9995805025100708,0.9995808005332947,relu,60,0.0,40,22,uniform,softmax,mean_squared_error,Nadam
197,30,0.0025901619407844322,0.999102771282196,0.7675065398216248,0.005044051189907703,0.9984617829322815,0.7604684829711914,relu,30,0.1,30,28,normal,sigmoid,categorical_crossentropy,Adam
198,10,0.01058613381172503,0.9964926838874817,0.7008469700813293,0.015601232595451126,0.9946510791778564,0.7005581259727478,relu,60,0.1,10,28,normal,sigmoid,categorical_crossentropy,Nadam
199,60,0.00392047533685008,0.9991843104362488,0.9991850256919861,0.01188784916434273,0.9963291883468628,0.9963318109512329,relu,30,0.2,60,16,normal,softmax,categorical_crossentropy,Nadam
200,50,0.0016280484036542476,0.9978792667388916,0.9979651570320129,0.002513949859033269,0.9960145354270935,0.9960405230522156,relu,128,0.1,50,28,normal,softmax,mean_squared_error,adadelta
201,40,0.0008119000521080924,0.9986949563026428,0.9986581206321716,0.0013575234158655317,0.9977625608444214,0.9977631568908691,relu,60,0.1,40,22,uniform,softmax,mean_squared_error,Adam
202,50,0.0012878068096105577,0.9988580942153931,0.9985364675521851,0.001620524997135203,0.9978324770927429,0.9978514909744263,relu,60,0.0,50,34,normal,sigmoid,mean_squared_error,adadelta
203,10,0.0054298022505656325,0.9894779920578003,0.989464282989502,0.006394886656956058,0.9888127446174622,0.9888715744018555,relu,60,0.1,10,22,uniform,sigmoid,mean_squared_error,adadelta
204,60,0.0017175354674233434,0.9966557621955872,0.9967070817947388,0.0021937437319139858,0.9961893558502197,0.9962606430053711,elu,60,0.2,60,34,normal,softmax,mean_squared_error,adadelta
205,10,0.02075566757754001,0.9920065402984619,0.9919705986976624,0.026844644889997073,0.990420937538147,0.9904272556304932,elu,30,0.2,10,16,uniform,softmax,categorical_crossentropy,Adam
206,40,0.00014710678405949513,0.999755322933197,0.9997555613517761,0.00018353008471587524,0.9997203350067139,0.9997205138206482,relu,30,0.0,40,40,uniform,softmax,mean_squared_error,Adam
207,40,0.0006043084421258418,0.9991843104362488,0.9991869926452637,0.0009348571106140569,0.9984267950057983,0.9984279274940491,elu,60,0.0,40,40,uniform,softmax,mean_squared_error,Nadam
208,20,0.010600782915776813,0.996003270149231,0.9960163235664368,0.013209265187947714,0.9956998825073242,0.9956851601600647,elu,60,0.1,20,16,normal,softmax,categorical_crossentropy,Nadam
209,30,0.010991474204954233,0.9966557621955872,0.9966667890548706,0.012178702443256402,0.9966088533401489,0.9966279864311218,elu,60,0.0,30,16,uniform,softmax,categorical_crossentropy,adadelta
210,30,0.00807149274514754,0.9977977275848389,0.997802734375,0.013267109414294036,0.9957697987556458,0.9957796931266785,relu,128,0.2,30,40,uniform,softmax,categorical_crossentropy,adadelta
211,50,,0.35676997900009155,,,0.3498811423778534,,elu,60,0.2,50,28,normal,sigmoid,categorical_crossentropy,adadelta
212,10,0.033422554996575655,0.9872757196426392,0.7999565005302429,0.04415537331135035,0.9855614304542542,0.828019917011261,elu,128,0.2,10,16,normal,sigmoid,categorical_crossentropy,adadelta
213,50,0.004645884479254799,0.9985318183898926,0.9985366463661194,0.007860575029283971,0.9974828958511353,0.9974844455718994,elu,60,0.1,50,16,normal,softmax,categorical_crossentropy,Adam
214,60,0.0035407649618262034,0.9929853081703186,0.9930997490882874,0.0047192951195875335,0.9916095733642578,0.9916797876358032,relu,128,0.2,60,10,normal,softmax,mean_squared_error,Adam
215,10,0.033265658383839575,0.9877650737762451,0.8467921018600464,0.04009999674270843,0.9871346950531006,0.8333609700202942,elu,60,0.2,10,16,uniform,sigmoid,categorical_crossentropy,Adam
216,50,0.002966565948107309,0.9945350885391235,0.9945874214172363,0.003639859141199898,0.9936372637748718,0.9936342835426331,elu,128,0.2,50,16,normal,softmax,mean_squared_error,adadelta
217,20,0.01437875006110886,0.99535071849823,0.9952976703643799,0.015976819345200625,0.9948608875274658,0.9948891997337341,elu,128,0.0,20,10,normal,softmax,categorical_crossentropy,Nadam
218,10,0.004977587859070475,0.9907014966011047,0.9907318353652954,0.005980389881885481,0.9892672300338745,0.989337682723999,relu,60,0.1,10,16,normal,softmax,mean_squared_error,Adam
219,10,0.023901272725411135,0.9911908507347107,0.9912598133087158,0.031342147951345274,0.9889525771141052,0.9889926910400391,relu,60,0.1,10,16,normal,softmax,categorical_crossentropy,adadelta
220,20,0.003911737490105056,0.9927406311035156,0.9927923679351807,0.0047121934649441925,0.9917144179344177,0.9917476773262024,relu,128,0.1,20,22,normal,softmax,mean_squared_error,Adam
221,60,0.0013843391088732377,0.9978792667388916,0.9977644085884094,0.0016088068197298547,0.9977275729179382,0.9975925087928772,elu,128,0.0,60,22,normal,sigmoid,mean_squared_error,Adam
222,40,0.0006282528560063293,0.9990212321281433,0.9988977313041687,0.0010231696070452736,0.9983218908309937,0.9982706308364868,relu,30,0.1,40,28,uniform,sigmoid,mean_squared_error,Adam
223,50,0.0014797931725653943,0.9969820380210876,0.9969846606254578,0.0014426322785987115,0.9972381591796875,0.9972401261329651,elu,30,0.2,50,34,normal,softmax,mean_squared_error,Nadam
224,10,0.0025738961566710693,0.9951875805854797,0.9952024817466736,0.004064680275217938,0.9928681254386902,0.9928011298179626,relu,60,0.2,10,22,uniform,softmax,mean_squared_error,Nadam
225,40,0.011545939945280066,0.9958401322364807,0.995849609375,0.01983006063145716,0.9929730296134949,0.9929885864257812,relu,128,0.2,40,16,uniform,softmax,categorical_crossentropy,Adam
226,30,0.0042671060927431965,0.9986949563026428,0.626410186290741,0.004341413432860544,0.9986365437507629,0.6345863342285156,relu,60,0.0,30,16,uniform,sigmoid,categorical_crossentropy,Nadam
227,50,0.0018607252293384687,0.9966557621955872,0.9966571927070618,0.002657794271241291,0.9955251216888428,0.9955281615257263,elu,30,0.2,50,16,normal,softmax,mean_squared_error,adadelta
228,20,0.002655941636801422,0.9962479472160339,0.9962555766105652,0.0030637980971306693,0.9949308037757874,0.994885265827179,elu,128,0.0,20,40,normal,softmax,mean_squared_error,adadelta
229,40,0.0007262447708097194,0.9986949563026428,0.9986979365348816,0.001519489800453966,0.9973430037498474,0.9973660111427307,relu,128,0.2,40,22,uniform,softmax,mean_squared_error,Nadam
230,30,0.012061131088548983,0.9956769943237305,0.9956805109977722,0.018386744263627266,0.9941266775131226,0.9941478967666626,elu,30,0.2,30,10,normal,softmax,categorical_crossentropy,Adam
231,10,0.007489775358524544,0.9883360266685486,0.9879262447357178,0.007690682272575124,0.9889176487922668,0.9887491464614868,elu,128,0.0,10,16,normal,sigmoid,mean_squared_error,Adam
232,10,0.02186345932372811,0.9926590323448181,0.9927233457565308,0.023514146972911928,0.9926583766937256,0.9927151203155518,elu,60,0.0,10,22,normal,softmax,categorical_crossentropy,adadelta
233,60,0.002725884714125858,0.999347448348999,0.9993489384651184,0.00551487092893522,0.9980422258377075,0.998081624507904,relu,128,0.1,60,28,normal,softmax,categorical_crossentropy,Adam
234,40,0.0005926797507350155,1.0,1.0,0.0031808613765825578,0.9989511966705322,0.9989519119262695,relu,30,0.1,40,22,normal,softmax,categorical_crossentropy,Nadam
235,40,0.0011158478468861806,0.9986949563026428,0.9984515309333801,0.0017611372867930445,0.9971332550048828,0.9972555637359619,relu,30,0.1,40,40,normal,sigmoid,mean_squared_error,adadelta
236,20,0.006953486360814448,0.9973083138465881,0.9973105788230896,0.013212537708129394,0.9955251216888428,0.9955453872680664,elu,30,0.2,20,40,uniform,softmax,categorical_crossentropy,Adam
237,50,0.0003350507192030968,0.9994290471076965,0.9994295835494995,0.00035951633523914806,0.999440610408783,0.9994582533836365,relu,30,0.1,50,22,normal,softmax,mean_squared_error,Nadam
238,30,0.00806618780729974,0.9973899126052856,0.6416425704956055,0.009329523410384835,0.997308075428009,0.6594454050064087,relu,60,0.0,30,16,uniform,sigmoid,categorical_crossentropy,Adam
239,40,0.0013451445577407671,0.9995921850204468,0.9995925426483154,0.0035862472590289275,0.9990561008453369,0.9990566968917847,relu,30,0.2,40,34,normal,softmax,categorical_crossentropy,Adam
240,50,0.008986742408159167,0.9970636367797852,0.9970703125,0.013411383360327113,0.9955251216888428,0.9955877065658569,elu,128,0.1,50,22,uniform,softmax,categorical_crossentropy,adadelta
241,10,0.021786486875223297,0.9925774931907654,0.9926121234893799,0.02273388672693316,0.9929380416870117,0.992972195148468,relu,128,0.0,10,40,uniform,softmax,categorical_crossentropy,adadelta
242,10,0.007504454683050551,0.9976345896720886,0.997636616230011,0.009657862333048708,0.9972730875015259,0.9972388744354248,elu,30,0.0,10,22,normal,softmax,categorical_crossentropy,Nadam
243,20,0.0007859046605729376,0.9988580942153931,0.9987360835075378,0.0012047633968016894,0.997972309589386,0.9979564547538757,relu,30,0.0,20,34,uniform,sigmoid,mean_squared_error,Nadam
244,10,0.004689809600374438,0.9911908507347107,0.9911472201347351,0.00529128330112558,0.9913648366928101,0.9913447499275208,elu,128,0.1,10,40,normal,softmax,mean_squared_error,adadelta
245,50,0.0018315172748815658,0.9968189001083374,0.9964911937713623,0.003053748910903155,0.9949657320976257,0.9947007298469543,elu,128,0.2,50,22,uniform,sigmoid,mean_squared_error,Nadam
246,40,0.00047063518910118145,1.0,1.0,0.0016056821974687742,0.9995455145835876,0.9995458126068115,relu,30,0.1,40,34,normal,softmax,categorical_crossentropy,Nadam
247,10,0.0038164124430540296,0.9927406311035156,0.9928420782089233,0.00384895721682481,0.9936022758483887,0.9936221837997437,relu,60,0.0,10,10,normal,softmax,mean_squared_error,adadelta
248,30,0.002316347087591309,0.9995105862617493,0.9995110630989075,0.0019738031707276582,0.9995455145835876,0.9995458722114563,relu,30,0.0,30,34,normal,softmax,categorical_crossentropy,Adam
249,20,0.015623070660607849,0.9945350885391235,0.9944424033164978,0.0199488530764045,0.9937770962715149,0.9937520623207092,elu,128,0.1,20,28,normal,softmax,categorical_crossentropy,Adam
250,50,0.0028801755698589187,0.9991843104362488,0.6644142270088196,0.0023599690534335934,0.999440610408783,0.6559826731681824,relu,128,0.0,50,16,uniform,sigmoid,categorical_crossentropy,Nadam
251,40,0.0032906533928679215,0.9935562610626221,0.9936891198158264,0.003959881440540706,0.9939519166946411,0.9931632876396179,elu,60,0.1,40,22,uniform,sigmoid,mean_squared_error,adadelta
252,30,0.00583155415595203,0.9982055425643921,0.611011266708374,0.007364445193404549,0.9979023933410645,0.618763267993927,elu,30,0.0,30,34,normal,sigmoid,categorical_crossentropy,adadelta
253,60,0.0015184423508364509,0.9980424046516418,0.9973998665809631,0.002513123500723528,0.9959796071052551,0.9957137703895569,elu,128,0.2,60,40,normal,sigmoid,mean_squared_error,Adam
254,60,0.003114968348696941,0.9938009977340698,0.9940211772918701,0.0037113672847608743,0.9937421083450317,0.9938195943832397,relu,60,0.1,60,10,uniform,sigmoid,mean_squared_error,adadelta
255,30,0.003686913246973987,0.9932300448417664,0.9928335547447205,0.0043566163978102914,0.9926233887672424,0.9921872615814209,elu,60,0.1,30,16,normal,sigmoid,mean_squared_error,Adam
256,40,,0.35676997900009155,,,0.3498811423778534,,elu,128,0.1,40,28,uniform,sigmoid,categorical_crossentropy,Nadam
257,40,0.0016812224138627553,0.9968189001083374,0.9967014193534851,0.0017891709254604128,0.9969584941864014,0.9969194531440735,relu,30,0.0,40,10,uniform,sigmoid,mean_squared_error,Nadam
258,60,,0.35676997900009155,,,0.3498811423778534,,elu,30,0.1,60,28,uniform,sigmoid,categorical_crossentropy,Nadam
259,40,,0.35676997900009155,,,0.3498811423778534,,elu,30,0.0,40,34,uniform,sigmoid,categorical_crossentropy,Nadam
260,20,,0.35676997900009155,,,0.3498811423778534,,elu,30,0.1,20,28,normal,sigmoid,categorical_crossentropy,Nadam
261,20,0.007789447124239185,0.9984502196311951,0.9984537959098816,0.009746092966563792,0.9971332550048828,0.9971917867660522,relu,128,0.0,20,22,uniform,softmax,categorical_crossentropy,Nadam
262,40,0.0037805067306034565,0.9987764954566956,0.9988177418708801,0.00315351939635233,0.9986016154289246,0.998602569103241,relu,30,0.2,40,40,normal,softmax,categorical_crossentropy,Nadam
263,50,0.0016019001699895889,0.999347448348999,0.999347984790802,0.003980464014333722,0.9986016154289246,0.9986026287078857,relu,30,0.2,50,34,uniform,softmax,categorical_crossentropy,Adam
264,50,0.0009383776543431982,0.9979608654975891,0.9979676604270935,0.0013621220255750333,0.997412919998169,0.9974146485328674,elu,60,0.2,50,40,normal,softmax,mean_squared_error,Nadam
265,30,0.0005056035859608868,0.9995105862617493,0.999512255191803,0.001020021460691525,0.9984617829322815,0.9984022378921509,relu,60,0.1,30,28,normal,softmax,mean_squared_error,Adam
266,60,0.003724971857921692,0.9982871413230896,0.9982884526252747,0.0065783044888088485,0.9975528120994568,0.9975716471672058,elu,30,0.2,60,28,normal,softmax,categorical_crossentropy,Adam
267,60,0.0007540834853584982,0.9986949563026428,0.9986960291862488,0.0018052504299427698,0.9966088533401489,0.9965934157371521,relu,30,0.2,60,16,normal,softmax,mean_squared_error,Adam
268,50,,0.35676997900009155,,,0.3498811423778534,,relu,30,0.1,50,34,normal,sigmoid,categorical_crossentropy,Nadam
269,40,0.0004893979454933565,0.9992659091949463,0.999266505241394,0.000773533599140705,0.998776376247406,0.9987773299217224,elu,30,0.0,40,34,uniform,softmax,mean_squared_error,Nadam
270,60,,0.35676997900009155,,,0.3498811423778534,,relu,30,0.0,60,40,uniform,sigmoid,categorical_crossentropy,Adam
271,40,0.0025155786060778325,0.995106041431427,0.995121955871582,0.0033076355044251546,0.9941965937614441,0.9942337870597839,elu,60,0.2,40,10,normal,softmax,mean_squared_error,Adam
272,10,0.01756972204445638,0.9941272139549255,0.9941456913948059,0.02324566871808927,0.992448627948761,0.9924523830413818,relu,60,0.1,10,34,uniform,softmax,categorical_crossentropy,adadelta
273,60,0.0022467931307894808,0.9995921850204468,0.9995930790901184,0.0026079408750416468,0.999335765838623,0.9993373155593872,relu,128,0.0,60,28,uniform,softmax,categorical_crossentropy,Adam
274,50,0.0022617475280832943,0.9969004988670349,0.9968667030334473,0.0023171114264825265,0.9966088533401489,0.9965028166770935,relu,128,0.0,50,10,uniform,softmax,mean_squared_error,Adam
275,10,0.006181270309509694,0.9879282116889954,0.9878866672515869,0.0062746956303115055,0.9893721342086792,0.9893956780433655,elu,128,0.2,10,22,normal,softmax,mean_squared_error,adadelta
276,50,0.0008975230074968143,0.9989396333694458,0.998943030834198,0.0014338637152384974,0.9976227283477783,0.9976235032081604,relu,60,0.1,50,34,normal,softmax,mean_squared_error,adadelta
277,40,0.0018578867297140249,0.9963295459747314,0.9960174560546875,0.002180905869429477,0.9966787695884705,0.9960916042327881,elu,60,0.1,40,16,uniform,sigmoid,mean_squared_error,Nadam
278,10,0.005098825548798283,0.9902936220169067,0.990391194820404,0.00570430749750025,0.9904558658599854,0.990477442741394,elu,128,0.2,10,16,normal,softmax,mean_squared_error,Nadam
279,30,0.0023784860038882747,0.9992659091949463,0.999266505241394,0.005897715131113954,0.9980772137641907,0.9980608224868774,relu,30,0.1,30,22,uniform,softmax,categorical_crossentropy,Adam
280,60,0.0036242630401076247,0.9990212321281433,0.40583086013793945,0.00312691920688536,0.99919593334198,0.4219258427619934,relu,128,0.0,60,22,normal,sigmoid,categorical_crossentropy,Adam
281,50,0.001183828681133824,0.9980424046516418,0.9980053901672363,0.001973931269369375,0.9964690208435059,0.9963990449905396,relu,30,0.2,50,16,normal,sigmoid,mean_squared_error,Adam
282,10,0.00784798570344381,0.9969820380210876,0.8185452222824097,0.012750247030333721,0.9949657320976257,0.7694283723831177,relu,30,0.1,10,22,uniform,sigmoid,categorical_crossentropy,Nadam
283,20,0.012727698080895354,0.9954323172569275,0.9954472184181213,0.013885098170337867,0.9954202175140381,0.9954574704170227,elu,60,0.1,20,28,normal,softmax,categorical_crossentropy,Adam
284,10,0.01874771808472737,0.9936378598213196,0.7243403792381287,0.024078385181487475,0.9914697408676147,0.7143504023551941,relu,60,0.1,10,40,uniform,sigmoid,categorical_crossentropy,adadelta
285,60,0.0016859377460244629,0.9969004988670349,0.9969431757926941,0.001953064335228477,0.9968186020851135,0.9968379735946655,elu,30,0.1,60,22,uniform,softmax,mean_squared_error,adadelta
286,40,0.0016921548532913915,0.9970636367797852,0.9970732927322388,0.001815088513919262,0.9970983266830444,0.997169017791748,elu,60,0.0,40,22,uniform,softmax,mean_squared_error,adadelta
287,50,0.00023222080163481947,0.999755322933197,0.9996726512908936,0.0004485666474214193,0.9992308616638184,0.9991629719734192,elu,30,0.0,50,34,normal,sigmoid,mean_squared_error,Nadam
288,10,0.017996658621200923,0.9938009977340698,0.9937505125999451,0.02388085622618887,0.9923437237739563,0.9924479126930237,elu,128,0.2,10,40,normal,softmax,categorical_crossentropy,Nadam
289,50,0.0010187873981375244,0.9984502196311951,0.9984515905380249,0.0011730801461437956,0.9982170462608337,0.9982165098190308,elu,30,0.0,50,22,normal,softmax,mean_squared_error,adadelta
290,10,0.030736196309679033,0.9885807633399963,0.7927631735801697,0.039985594792111015,0.9867151379585266,0.8224818706512451,elu,60,0.2,10,16,normal,sigmoid,categorical_crossentropy,Adam
291,50,0.0005412251062380748,0.999102771282196,0.9991057515144348,0.0004355386249187797,0.9993706941604614,0.9993712306022644,elu,60,0.0,50,40,uniform,softmax,mean_squared_error,Nadam
292,50,0.0005588300392712695,0.9988580942153931,0.9988589882850647,0.001538468581158379,0.9970284104347229,0.9970299005508423,elu,30,0.2,50,22,normal,softmax,mean_squared_error,Nadam
293,40,0.001925002627079782,0.9962479472160339,0.9962511658668518,0.0025530970943480084,0.9954901337623596,0.9954577088356018,elu,30,0.2,40,34,uniform,softmax,mean_squared_error,adadelta
294,60,0.002373023895333334,0.996003270149231,0.9959730505943298,0.007587307060564307,0.9811215400695801,0.9809965491294861,relu,128,0.2,60,10,uniform,sigmoid,mean_squared_error,Nadam
295,50,0.001818632686223537,0.9974714517593384,0.9970294833183289,0.002699102404801482,0.9954901337623596,0.9952455163002014,elu,128,0.1,50,40,uniform,sigmoid,mean_squared_error,Adam
296,40,0.00987664877023192,0.9955954551696777,0.5674096941947937,0.014320855654526392,0.9948958158493042,0.5876221656799316,elu,60,0.2,40,28,uniform,sigmoid,categorical_crossentropy,adadelta
297,40,0.0032653986616895743,0.9938009977340698,0.9936662316322327,0.0038848917849855233,0.9933575987815857,0.993421733379364,relu,128,0.1,40,28,uniform,sigmoid,mean_squared_error,adadelta
298,40,0.0010497610465855071,0.9981240034103394,0.9981302618980408,0.001788157664310904,0.9969584941864014,0.9969250559806824,elu,60,0.1,40,34,uniform,softmax,mean_squared_error,Adam
299,40,0.003682811720772463,0.9987764954566956,0.9987361431121826,0.006807340779984611,0.9973430037498474,0.997361421585083,elu,30,0.1,40,28,uniform,softmax,categorical_crossentropy,Adam
300,50,0.00226392692657308,0.999755322933197,0.9997561573982239,0.003028425709326478,0.9993706941604614,0.9993535876274109,relu,60,0.0,50,16,normal,softmax,categorical_crossentropy,Adam
301,20,,0.35676997900009155,,,0.3498811423778534,,elu,30,0.1,20,22,normal,sigmoid,categorical_crossentropy,Nadam
302,40,0.006188388569599555,0.9974714517593384,0.7114186882972717,0.006310639930950221,0.9978324770927429,0.7236877679824829,elu,128,0.0,40,34,normal,sigmoid,categorical_crossentropy,Adam
303,30,0.005001572254337473,0.9983686804771423,0.9983741044998169,0.0051515591241939745,0.998531699180603,0.9985320568084717,relu,60,0.0,30,34,normal,softmax,categorical_crossentropy,adadelta
304,50,0.0015371247518420784,0.9971451759338379,0.9971476197242737,0.0016790485090777876,0.9971332550048828,0.9971240162849426,elu,30,0.1,50,16,uniform,softmax,mean_squared_error,Adam
305,60,0.0026584979846350372,0.9994290471076965,0.7151313424110413,0.003975905321700332,0.9986016154289246,0.7109206914901733,relu,128,0.1,60,22,normal,sigmoid,categorical_crossentropy,Nadam
306,40,0.009283920080016625,0.9969004988670349,0.9969075322151184,0.012219229343535703,0.996504008769989,0.9965119957923889,elu,128,0.1,40,34,uniform,softmax,categorical_crossentropy,adadelta
307,50,0.005045461965573182,0.9978792667388916,0.7485690712928772,0.008197504682812695,0.9969235062599182,0.734050452709198,elu,60,0.1,50,34,normal,sigmoid,categorical_crossentropy,adadelta
308,30,0.004357750629049043,0.9915986657142639,0.9916400909423828,0.0052130612099069865,0.9917494058609009,0.9908499121665955,elu,128,0.2,30,28,uniform,sigmoid,mean_squared_error,adadelta
309,50,0.0009147995961074175,0.9989396333694458,0.9989420771598816,0.00118021894236336,0.9984617829322815,0.9984477758407593,elu,128,0.0,50,28,normal,softmax,mean_squared_error,Adam
310,50,0.0032313100916909307,0.9988580942153931,0.717354953289032,0.008920336037992997,0.9967836737632751,0.7470965385437012,relu,128,0.2,50,22,uniform,sigmoid,categorical_crossentropy,Nadam
